EkipmanNo,KoruyucuNumarasi,AnaBilimDali,Birim,KoruyucuCinsi,KursunEsdegeri,HizmetYili,Bedeni,KontrolTarihi,Durum,Aciklama,VarsaDemirbasNo,KayitTarih,Barkod,sync_status,updated_at
RKE-GK-1,,Radyoloji ABD,Radyoloji Depo,Gonad Koruyucu,,2024,,2026-02-13,Kullanıma Uygun Değil,,,,https://api.qrserver.com/v1/create-qr-code/?size=150x150&data=RKE-GK-1; Koruyucu No: RAD-RDP-GK-5; Durum: ; Kontrol Tarihi:; Gelecek Kontrol Tarihi:NaN/NaN/0NaN,clean,
RKE-GK-2,,Radyoloji ABD,Radyoloji Depo,Gonad Koruyucu,,2024,Pediatrik,2026-02-13,Kullanıma Uygun Değil,,,,https://api.qrserver.com/v1/create-qr-code/?size=150x150&data=RKE-GK-2; Koruyucu No: ; Durum: ; Kontrol Tarihi:; Gelecek Kontrol Tarihi:NaN/NaN/0NaN,clean,
RKE-GK-3,,Radyoloji ABD,Radyoloji Depo,Gonad Koruyucu,,2024,Pediatrik,2026-02-13,Kullanıma Uygun Değil,,,,https://api.qrserver.com/v1/create-qr-code/?size=150x150&data=RKE-GK-3; Koruyucu No: ; Durum: ; Kontrol Tarihi:; Gelecek Kontrol Tarihi:NaN/NaN/0NaN,clean,
RKE-GK-4,RAD-ANJ-GON-001,Radyoloji ABD,Anjiografi,Gonad Koruyucu,,2024,,2026-02-13,Kullanıma Uygun Değil,,,,https://api.qrserver.com/v1/create-qr-code/?size=150x150&data=RKE-GK-4; Koruyucu No: KRD-ANJ-GK-1; Durum: ; Kontrol Tarihi:; Gelecek Kontrol Tarihi:NaN/NaN/0NaN,clean,
RKE-GK-5,KRD-ANJ-GK-2,Kardiyoloji ABD,Anjiografi,Gonad Koruyucu,,2024,Yetişkin,2026-02-13,Kullanıma Uygun Değil,,,,,clean,
RKE-GK-6,KRD-ANJ-GK-3,Kardiyoloji ABD,Anjiografi,Gonad Koruyucu,,2024,Yetişkin,2026-02-13,Kullanıma Uygun Değil,,,,,clean,
RKE-GK-7,,Radyoloji ABD,Radyoloji Depo,Gonad Koruyucu,,2024,Yetişkin,2026-02-13,Kullanıma Uygun Değil,,,,https://api.qrserver.com/v1/create-qr-code/?size=150x150&data=RKE-GK-7; Koruyucu No: ; Durum: ; Kontrol Tarihi:; Gelecek Kontrol Tarihi:NaN/NaN/0NaN,clean,
RKE-GK-8,KRD-ANJ-GK-4,Kardiyoloji ABD,Anjiografi,Gonad Koruyucu,0.50 mmPb,2024,Yetişkin,2026-02-13,Kullanıma Uygun Değil,,,,,clean,
RKE-GZ-1,,Radyoloji ABD,Radyoloji Depo,Kurşun Gözlük,,2024,STN,2026-02-13,Kullanıma Uygun Değil,,,,https://api.qrserver.com/v1/create-qr-code/?size=150x150&data=RKE-GZ-1; Koruyucu No: ; Durum: ; Kontrol Tarihi:; Gelecek Kontrol Tarihi:NaN/NaN/0NaN,clean,
RKE-GZ-10,ORT-AML-KG-6,Ortopedi ve Travmatoloji ABD,Ameliyathane,Kurşun Gözlük,,2024,STN,2026-02-13,Kullanıma Uygun Değil,,,,https://api.qrserver.com/v1/create-qr-code/?size=150x150&data=RKE-GZ-10; Koruyucu No: ORT-AML-KG-6; Durum: ; Kontrol Tarihi:; Gelecek Kontrol Tarihi:NaN/NaN/0NaN,clean,
RKE-GZ-11,ORT-AML-KG-6,Ortopedi ve Travmatoloji ABD,Ameliyathane,Kurşun Gözlük,,2024,STN,2026-02-13,Kullanıma Uygun Değil,,,,https://api.qrserver.com/v1/create-qr-code/?size=150x150&data=RKE-GZ-11; Koruyucu No: ORT-AML-KG-6; Durum: ; Kontrol Tarihi:; Gelecek Kontrol Tarihi:NaN/NaN/0NaN,clean,
RKE-GZ-12,,Radyoloji ABD,Radyoloji Depo,Kurşun Gözlük,,2024,STN,,,,,,,clean,
RKE-GZ-13,,Radyoloji ABD,Radyoloji Depo,Kurşun Gözlük,,2024,STN,,,,,,,clean,
RKE-GZ-14,,Radyoloji ABD,Radyoloji Depo,Kurşun Gözlük,,2024,STN,,,,,,,clean,
RKE-GZ-15,,Radyoloji ABD,Radyoloji Depo,Kurşun Gözlük,,2024,STN,,,,,,,clean,
RKE-GZ-16,,Radyoloji ABD,Radyoloji Depo,Kurşun Gözlük,,2024,STN,,,,,,,clean,
RKE-GZ-17,,Radyoloji ABD,Radyoloji Depo,Kurşun Gözlük,,2024,STN,,,,,,,clean,
RKE-GZ-18,,Radyoloji ABD,Radyoloji Depo,Kurşun Gözlük,,2024,STN,,,,,,,clean,
RKE-GZ-19,,Radyoloji ABD,Radyoloji Depo,Kurşun Gözlük,,2024,STN,,,,,,,clean,
RKE-GZ-2,,Radyoloji ABD,Radyoloji Depo,Kurşun Gözlük,,2024,STN,,,,,,,clean,
RKE-GZ-20,,Radyoloji ABD,Radyoloji Depo,Kurşun Gözlük,,2024,STN,,,,,,,clean,
RKE-GZ-21,,Radyoloji ABD,Radyoloji Depo,Kurşun Gözlük,,2024,STN,,,,,,,clean,
RKE-GZ-22,,Radyoloji ABD,Radyoloji Depo,Kurşun Gözlük,,2024,STN,,,,,,,clean,
RKE-GZ-23,,Radyoloji ABD,Radyoloji Depo,Kurşun Gözlük,,2024,STN,,,,,,,clean,
RKE-GZ-3,,Radyoloji ABD,Radyoloji Depo,Kurşun Gözlük,,2024,STN,,,,,,,clean,
RKE-GZ-4,,Radyoloji ABD,Radyoloji Depo,Kurşun Gözlük,,2024,STN,,,,,,,clean,
RKE-GZ-5,,Radyoloji ABD,Radyoloji Depo,Kurşun Gözlük,,2024,STN,,,,,,,clean,
RKE-GZ-6,,Radyoloji ABD,Radyoloji Depo,Kurşun Gözlük,,2024,STN,,,,,,,clean,
RKE-GZ-7,ORT-AML-KG-6,Ortopedi ve Travmatoloji ABD,Ameliyathane,Kurşun Gözlük,,2024,STN,,,,,,https://api.qrserver.com/v1/create-qr-code/?size=150x150&data=RKE-GZ-7; Koruyucu No: ORT-AML-KG-6; Durum: ; Kontrol Tarihi:; Gelecek Kontrol Tarihi:NaN/NaN/0NaN,clean,
RKE-GZ-8,ORT-AML-KG-6,Ortopedi ve Travmatoloji ABD,Ameliyathane,Kurşun Gözlük,,2024,STN,,,,,,https://api.qrserver.com/v1/create-qr-code/?size=150x150&data=RKE-GZ-8; Koruyucu No: ORT-AML-KG-6; Durum: ; Kontrol Tarihi:; Gelecek Kontrol Tarihi:NaN/NaN/0NaN,clean,
RKE-GZ-9,ORT-AML-KG-6,Ortopedi ve Travmatoloji ABD,Ameliyathane,Kurşun Gözlük,,2024,STN,,,,,,https://api.qrserver.com/v1/create-qr-code/?size=150x150&data=RKE-GZ-9; Koruyucu No: ORT-AML-KG-6; Durum: ; Kontrol Tarihi:; Gelecek Kontrol Tarihi:NaN/NaN/0NaN,clean,
RKE-KG-24,NRŞ-AML-KG-1,Beyin ve Sinir Cerrahisi ABD,Ameliyathane,Kurşun Gözlük,,0,STN,,,,,,https://api.qrserver.com/v1/create-qr-code/?size=150x150&data=RKE-KG-24; Koruyucu No: NRŞ-AML-KG-1; Durum: ; Kontrol Tarihi:; Gelecek Kontrol Tarihi:NaN/NaN/0NaN,clean,
RKE-KG-25,NRŞ-AML-KG-2,Beyin ve Sinir Cerrahisi ABD,Ameliyathane,Kurşun Gözlük,,0,STN,,,,,,https://api.qrserver.com/v1/create-qr-code/?size=150x150&data=RKE-KG-25; Koruyucu No: NRŞ-AML-KG-2; Durum: ; Kontrol Tarihi:; Gelecek Kontrol Tarihi:NaN/NaN/0NaN,clean,
RKE-O-1,ORT-AML-Ö-1,Ortopedi ve Travmatoloji ABD,Ameliyathane,Palto (Önlük),,2024,S,,,,,,https://barcode.tec-it.com/barcode.ashx?code=MobileQRCode&data=RKE-O-230; Koruyucu No: ANZ-SRV-Ö-11; Durum: Kullanıma Uygun Değil; Kontrol Tarihi:01/10/2025; Gelecek Kontrol Tarihi:01/31/2026&eclevel=L&dmsize=Default,clean,
RKE-O-10,,Radyoloji ABD,Radyoloji Depo,Palto (Önlük),,2024,S,,,,,,,clean,
RKE-O-100,,Radyoloji ABD,Radyoloji Depo,Palto (Önlük),,2024,L,,,,,,,clean,
RKE-O-101,KRD-ANJ-Ö-1,Kardiyoloji ABD,Anjiografi,Palto (Önlük),,2024,L,,,,,,,clean,
RKE-O-102,ORT-AML-Ö-56,Ortopedi ve Travmatoloji ABD,Ameliyathane,Palto (Önlük),,2024,L,,,,,,https://api.qrserver.com/v1/create-qr-code/?size=150x150&data=RKE-O-102; Koruyucu No: ORT-AML-Ö-56; Durum: ; Kontrol Tarihi:; Gelecek Kontrol Tarihi:NaN/NaN/0NaN,clean,
RKE-O-103,ORT-AML-Ö-56,Ortopedi ve Travmatoloji ABD,Ameliyathane,Palto (Önlük),,2024,L,,,,,,https://api.qrserver.com/v1/create-qr-code/?size=150x150&data=RKE-O-103; Koruyucu No: ORT-AML-Ö-56; Durum: ; Kontrol Tarihi:; Gelecek Kontrol Tarihi:NaN/NaN/0NaN,clean,
RKE-O-104,ORT-AML-Ö-4,Ortopedi ve Travmatoloji ABD,Ameliyathane,Palto (Önlük),,2024,L,,,,,,https://api.qrserver.com/v1/create-qr-code/?size=150x150&data=RKE-O-104; Koruyucu No: ORT-AML-Ö-4; Durum: ; Kontrol Tarihi:; Gelecek Kontrol Tarihi:NaN/NaN/0NaN,clean,
RKE-O-105,ANZ-SRV-Ö-1,Anesteziyoloji ve Reanimasyon ABD,Algoloji Servis,Palto (Önlük),,2024,L,,,,,,https://api.qrserver.com/v1/create-qr-code/?size=150x150&data=RKE-O-105; Koruyucu No: ANZ-SRV-Ö-1; Durum: Kullanıma Uygun; Kontrol Tarihi:01/30/2025; Gelecek Kontrol Tarihi:01/31/2026,clean,
RKE-O-106,ÜRO-END-Ö-1,Üroloji ABD,Endoskopi Ünitesi,Palto (Önlük),,2024,L,,,,,,,clean,
RKE-O-107,ÜRO-END-Ö-2,Üroloji ABD,Endoskopi Ünitesi,Palto (Önlük),,2024,L,,,,,,,clean,
RKE-O-108,ORT-AML-Ö-56,Ortopedi ve Travmatoloji ABD,Ameliyathane,Palto (Önlük),,2024,L,,,,,,https://api.qrserver.com/v1/create-qr-code/?size=150x150&data=RKE-O-108; Koruyucu No: ORT-AML-Ö-56; Durum: ; Kontrol Tarihi:; Gelecek Kontrol Tarihi:NaN/NaN/0NaN,clean,
RKE-O-109,,Radyoloji ABD,Radyoloji Depo,Palto (Önlük),,2024,L,,,,,,,clean,
RKE-O-11,,Radyoloji ABD,Radyoloji Depo,Palto (Önlük),,2024,S,,,,,,,clean,
RKE-O-110,,Radyoloji ABD,Radyoloji Depo,Palto (Önlük),,2024,L,,,,,,,clean,
RKE-O-111,ORT-AML-Ö-6,Ortopedi ve Travmatoloji ABD,Ameliyathane,Palto (Önlük),,2024,L,,,,,,https://api.qrserver.com/v1/create-qr-code/?size=150x150&data=RKE-O-111; Koruyucu No: ORT-AML-Ö-6; Durum: ; Kontrol Tarihi:; Gelecek Kontrol Tarihi:NaN/NaN/0NaN,clean,
RKE-O-112,ORT-AML-Ö-7,Ortopedi ve Travmatoloji ABD,Ameliyathane,Palto (Önlük),,2024,L,,,,,,https://api.qrserver.com/v1/create-qr-code/?size=150x150&data=RKE-O-112; Koruyucu No: ORT-AML-Ö-7; Durum: ; Kontrol Tarihi:; Gelecek Kontrol Tarihi:NaN/NaN/0NaN,clean,
RKE-O-113,ORT-AML-Ö-8,Ortopedi ve Travmatoloji ABD,Ameliyathane,Palto (Önlük),,2024,L,,,,,,https://api.qrserver.com/v1/create-qr-code/?size=150x150&data=RKE-O-113; Koruyucu No: ORT-AML-Ö-8; Durum: ; Kontrol Tarihi:; Gelecek Kontrol Tarihi:NaN/NaN/0NaN,clean,
RKE-O-114,ORT-AML-Ö-9,Ortopedi ve Travmatoloji ABD,Ameliyathane,Palto (Önlük),,2024,L,,,,,,https://api.qrserver.com/v1/create-qr-code/?size=150x150&data=RKE-O-114; Koruyucu No: ORT-AML-Ö-9; Durum: ; Kontrol Tarihi:; Gelecek Kontrol Tarihi:NaN/NaN/0NaN,clean,
RKE-O-115,ORT-AML-Ö-10,Ortopedi ve Travmatoloji ABD,Ameliyathane,Palto (Önlük),,2024,L,,,,,,https://api.qrserver.com/v1/create-qr-code/?size=150x150&data=RKE-O-115; Koruyucu No: ORT-AML-Ö-10; Durum: ; Kontrol Tarihi:; Gelecek Kontrol Tarihi:NaN/NaN/0NaN,clean,
RKE-O-116,ORT-AML-Ö-11,Ortopedi ve Travmatoloji ABD,Ameliyathane,Palto (Önlük),,2024,L,,,,,,,clean,
RKE-O-117,ÜRO-END-Ö-3,Üroloji ABD,Endoskopi Ünitesi,Palto (Önlük),,2024,L,,,,,,,clean,
RKE-O-118,ÜRO-END-Ö-4,Üroloji ABD,Endoskopi Ünitesi,Palto (Önlük),,2024,L,,,,,,,clean,
RKE-O-119,,Radyoloji ABD,Radyoloji Depo,Palto (Önlük),,2024,L,,,,,,,clean,
RKE-O-12,ORT-AML-Ö-12,Ortopedi ve Travmatoloji ABD,Ameliyathane,Palto (Önlük),,2024,S,,,,,,,clean,
RKE-O-120,ORT-AML-Ö-13,Ortopedi ve Travmatoloji ABD,Ameliyathane,Palto (Önlük),,2024,L,,,,,,,clean,
RKE-O-121,ÜRO-END-Ö-5,Üroloji ABD,Endoskopi Ünitesi,Palto (Önlük),,2024,L,,,,,,,clean,
RKE-O-122,,Radyoloji ABD,Radyoloji Depo,Palto (Önlük),,2024,L,,,,,,,clean,
RKE-O-123,ORT-AML-Ö-14,Ortopedi ve Travmatoloji ABD,Ameliyathane,Palto (Önlük),,2024,L,,,,,,,clean,
RKE-O-124,ORT-AML-Ö-15,Ortopedi ve Travmatoloji ABD,Ameliyathane,Palto (Önlük),,2024,L,,,,,,,clean,
RKE-O-125,,Radyoloji ABD,Radyoloji Depo,Palto (Önlük),,2024,L,,,,,,,clean,
RKE-O-126,,Radyoloji ABD,Radyoloji Depo,Palto (Önlük),,2024,L,,,,,,,clean,
RKE-O-127,,Radyoloji ABD,Radyoloji Depo,Palto (Önlük),,2024,L,,,,,,,clean,
RKE-O-128,ORT-AML-Ö-16,Ortopedi ve Travmatoloji ABD,Ameliyathane,Palto (Önlük),,2024,L,,,,,,,clean,
RKE-O-129,,Radyoloji ABD,Radyoloji Depo,Palto (Önlük),,2024,L,,,,,,,clean,
RKE-O-13,KRD-ANJ-Ö-2,Kardiyoloji ABD,Anjiografi,Palto (Önlük),,2024,S,,,,,,https://barcode.tec-it.com/barcode.ashx?code=MobileQRCode&data=RKE-TK-1; Koruyucu No: ANZ-SRV-TK-19; Durum: Kullanıma Uygun; Kontrol Tarihi:01/09/2025; Gelecek Kontrol Tarihi:01/31/2026&eclevel=L&dmsize=Default,clean,
RKE-O-130,ORT-AML-Ö-17,Ortopedi ve Travmatoloji ABD,Ameliyathane,Palto (Önlük),,2024,L,,,,,,,clean,
RKE-O-131,ANZ-SRV-Ö-2,Anesteziyoloji ve Reanimasyon ABD,Algoloji Servis,Palto (Önlük),,2024,L,,,,,,https://api.qrserver.com/v1/create-qr-code/?size=150x150&data=RKE-O-131; Koruyucu No: ANZ-SRV-Ö-2; Durum: Kullanıma Uygun; Kontrol Tarihi:01/30/2025; Gelecek Kontrol Tarihi:01/31/2026,clean,
RKE-O-132,ORT-AML-Ö-18,Ortopedi ve Travmatoloji ABD,Ameliyathane,Palto (Önlük),,2024,XL,,,,,,,clean,
RKE-O-133,,Radyoloji ABD,Radyoloji Depo,Palto (Önlük),,2024,XL,,,,,,,clean,
RKE-O-134,ORT-AML-Ö-19,Ortopedi ve Travmatoloji ABD,Ameliyathane,Palto (Önlük),,2024,XL,,,,,,,clean,
RKE-O-135,ÜRO-END-Ö-6,Üroloji ABD,Endoskopi Ünitesi,Palto (Önlük),,2024,XL,,,,,,,clean,
RKE-O-136,ORT-AML-Ö-20,Ortopedi ve Travmatoloji ABD,Ameliyathane,Palto (Önlük),,2024,XL,,,,,,,clean,
RKE-O-137,ORT-AML-Ö-21,Ortopedi ve Travmatoloji ABD,Ameliyathane,Palto (Önlük),,2024,XL,,,,,,,clean,
RKE-O-138,ORT-AML-Ö-22,Ortopedi ve Travmatoloji ABD,Ameliyathane,Palto (Önlük),,2024,XL,,,,,,,clean,
RKE-O-139,ORT-AML-Ö-23,Ortopedi ve Travmatoloji ABD,Ameliyathane,Palto (Önlük),,2024,XL,,,,,,,clean,
RKE-O-14,KRD-ANJ-Ö-3,Kardiyoloji ABD,Anjiografi,Palto (Önlük),,2024,S,,,,,,,clean,
RKE-O-140,ORT-AML-Ö-24,Ortopedi ve Travmatoloji ABD,Ameliyathane,Palto (Önlük),,2024,XL,,,,,,https://barcode.tec-it.com/barcode.ashx?code=MobileQRCode&data=RKE-O-231; Koruyucu No: DHL-END-Ö-9; Durum: Kullanıma Uygun Değil; Kontrol Tarihi:01/10/2025; Gelecek Kontrol Tarihi:01/31/2026&eclevel=L&dmsize=Default,clean,
RKE-O-141,,Radyoloji ABD,Radyoloji Depo,Palto (Önlük),,2024,XL,,,,,,,clean,
RKE-O-142,,Radyoloji ABD,Radyoloji Depo,Palto (Önlük),,2024,XL,,,,,,,clean,
RKE-O-143,ORT-AML-Ö-25,Ortopedi ve Travmatoloji ABD,Ameliyathane,Palto (Önlük),,2024,XL,,,,,,,clean,
RKE-O-144,,Radyoloji ABD,Radyoloji Depo,Palto (Önlük),,2024,XL,,,,,,,clean,
RKE-O-145,CER-END-Ö-1,Genel Cerrahi ABD,Endoskopi Ünitesi,Palto (Önlük),,2024,XL,,,,,,https://api.qrserver.com/v1/create-qr-code/?size=150x150&data=RKE-O-145; Koruyucu No: CER-END-Ö-1; Durum: Kullanıma Uygun; Kontrol Tarihi:01/30/2025; Gelecek Kontrol Tarihi:01/31/2026,clean,
RKE-O-146,ORT-AML-Ö-26,Ortopedi ve Travmatoloji ABD,Ameliyathane,Palto (Önlük),,2024,XL,,,,,,,clean,
RKE-O-147,ORT-AML-Ö-27,Ortopedi ve Travmatoloji ABD,Ameliyathane,Palto (Önlük),,2024,XL,,,,,,,clean,
RKE-O-148,ORT-AML-Ö-28,Ortopedi ve Travmatoloji ABD,Ameliyathane,Palto (Önlük),,2024,XL,,,,,,,clean,
RKE-O-149,,Radyoloji ABD,Radyoloji Depo,Palto (Önlük),,2024,XL,,,,,,,clean,
RKE-O-15,ORT-AML-Ö-29,Ortopedi ve Travmatoloji ABD,Ameliyathane,Palto (Önlük),,2024,S,,,,,,,clean,
RKE-O-150,ORT-AML-Ö-30,Ortopedi ve Travmatoloji ABD,Ameliyathane,Palto (Önlük),,2024,XL,,,,,,,clean,
RKE-O-151,RAD-ANJ-Ö-1,Radyoloji ABD,Anjiografi,Palto (Önlük),,2024,XL,,,,,,,clean,
RKE-O-152,RAD-ANJ-Ö-2,Radyoloji ABD,Anjiografi,Palto (Önlük),,2024,XL,,,,,,,clean,
RKE-O-153,,Radyoloji ABD,Radyoloji Depo,Palto (Önlük),,2024,XL,,,,,,,clean,
RKE-O-154,,Radyoloji ABD,Radyoloji Depo,Palto (Önlük),,2024,XL,,,,,,,clean,
RKE-O-155,,Radyoloji ABD,Radyoloji Depo,Palto (Önlük),,2024,XL,,,,,,,clean,
RKE-O-156,,Radyoloji ABD,Radyoloji Depo,Palto (Önlük),,2024,XL,,,,,,,clean,
RKE-O-157,,Radyoloji ABD,Radyoloji Depo,Palto (Önlük),,2024,XL,,,,,,,clean,
RKE-O-158,,Radyoloji ABD,Radyoloji Depo,Palto (Önlük),,2024,XL,,,,,,,clean,
RKE-O-159,,Radyoloji ABD,Radyoloji Depo,Palto (Önlük),,2024,XL,,,,,,,clean,
RKE-O-16,,Radyoloji ABD,Radyoloji Depo,Palto (Önlük),,2024,S,,,,,,,clean,
RKE-O-160,,Radyoloji ABD,Radyoloji Depo,Palto (Önlük),,2024,XL,,,,,,,clean,
RKE-O-161,,Radyoloji ABD,Radyoloji Depo,Palto (Önlük),,2024,XL,,,,,,,clean,
RKE-O-162,,Radyoloji ABD,Radyoloji Depo,Palto (Önlük),,2024,XL,,,,,,,clean,
RKE-O-163,CER-AEND-Ö-7,Genel Cerrahi ABD,Acil Endoskopi Ünitesi,Palto (Önlük),,2019,S,,,,,,https://api.qrserver.com/v1/create-qr-code/?size=150x150&data=RKE-O-163; Koruyucu No: CER-AEND-Ö-7; Durum: Kullanıma Uygun; Kontrol Tarihi:01/30/2025; Gelecek Kontrol Tarihi:01/31/2026,clean,
RKE-O-164,CER-AEND-Ö-8,Genel Cerrahi ABD,Acil Endoskopi Ünitesi,Palto (Önlük),,2019,M,,,,,,https://api.qrserver.com/v1/create-qr-code/?size=150x150&data=RKE-O-164; Koruyucu No: CER-AEND-Ö-8; Durum: Kullanıma Uygun; Kontrol Tarihi:01/30/2025; Gelecek Kontrol Tarihi:01/31/2026,clean,
RKE-O-165,CER-AEND-Ö-9,Genel Cerrahi ABD,Acil Endoskopi Ünitesi,Palto (Önlük),,2010,L,,,,,,https://api.qrserver.com/v1/create-qr-code/?size=150x150&data=RKE-O-165; Koruyucu No: CER-AEND-Ö-9; Durum: Kullanıma Uygun; Kontrol Tarihi:01/30/2025; Gelecek Kontrol Tarihi:01/31/2026,clean,
RKE-O-166,CER-AEND-Ö-10,Genel Cerrahi ABD,Acil Endoskopi Ünitesi,Palto (Önlük),,2010,L,,,,,,https://api.qrserver.com/v1/create-qr-code/?size=150x150&data=RKE-O-166; Koruyucu No: CER-AEND-Ö-10; Durum: Kullanıma Uygun; Kontrol Tarihi:01/30/2025; Gelecek Kontrol Tarihi:01/31/2026,clean,
RKE-O-167,CER-AEND-Ö-11,Genel Cerrahi ABD,Acil Endoskopi Ünitesi,Palto (Önlük),,2019,L,,,,,,https://api.qrserver.com/v1/create-qr-code/?size=150x150&data=RKE-O-167; Koruyucu No: CER-AEND-Ö-11; Durum: Kullanıma Uygun; Kontrol Tarihi:01/30/2025; Gelecek Kontrol Tarihi:01/31/2026,clean,
RKE-O-168,CER-AEND-Ö-12,Genel Cerrahi ABD,Acil Endoskopi Ünitesi,Palto (Önlük),,2010,L,,,,,,https://api.qrserver.com/v1/create-qr-code/?size=150x150&data=RKE-O-168; Koruyucu No: CER-AEND-Ö-12; Durum: Kullanıma Uygun; Kontrol Tarihi:01/30/2025; Gelecek Kontrol Tarihi:01/31/2026,clean,
RKE-O-169,CER-AEND-Ö-13,Genel Cerrahi ABD,Acil Endoskopi Ünitesi,Palto (Önlük),,2010,L,,,,,,https://api.qrserver.com/v1/create-qr-code/?size=150x150&data=RKE-O-169; Koruyucu No: CER-AEND-Ö-13; Durum: Kullanıma Uygun; Kontrol Tarihi:01/30/2025; Gelecek Kontrol Tarihi:01/31/2026,clean,
RKE-O-17,,Radyoloji ABD,Radyoloji Depo,Palto (Önlük),,2024,S,,,,,,,clean,
RKE-O-170,CER-AEND-Ö-14,Genel Cerrahi ABD,Acil Endoskopi Ünitesi,Palto (Önlük),,2010,M,,,,,,https://api.qrserver.com/v1/create-qr-code/?size=150x150&data=RKE-O-170; Koruyucu No: CER-AEND-Ö-14; Durum: Kullanıma Uygun; Kontrol Tarihi:01/30/2025; Gelecek Kontrol Tarihi:01/31/2026,clean,
RKE-O-171,CER-AEND-Ö-15,Genel Cerrahi ABD,Acil Endoskopi Ünitesi,Palto (Önlük),,2010,L,,,,,,https://api.qrserver.com/v1/create-qr-code/?size=150x150&data=RKE-O-171; Koruyucu No: CER-AEND-Ö-15; Durum: Kullanıma Uygun; Kontrol Tarihi:01/30/2025; Gelecek Kontrol Tarihi:01/31/2026,clean,
RKE-O-172,CER-AEND-Ö-16,Genel Cerrahi ABD,Acil Endoskopi Ünitesi,Palto (Önlük),,2019,M,,,,,,https://api.qrserver.com/v1/create-qr-code/?size=150x150&data=RKE-O-172; Koruyucu No: CER-AEND-Ö-16; Durum: Kullanıma Uygun; Kontrol Tarihi:01/30/2025; Gelecek Kontrol Tarihi:01/31/2026,clean,
RKE-O-173,CER-AEND-Ö-17,Genel Cerrahi ABD,Acil Endoskopi Ünitesi,Palto (Önlük),,2010,L,,,,,,https://api.qrserver.com/v1/create-qr-code/?size=150x150&data=RKE-O-173; Koruyucu No: CER-AEND-Ö-17; Durum: Kullanıma Uygun; Kontrol Tarihi:01/30/2025; Gelecek Kontrol Tarihi:01/31/2026,clean,
RKE-O-174,CER-AEND-Ö-18,Genel Cerrahi ABD,Acil Endoskopi Ünitesi,Palto (Önlük),,2019,XL,,,,,,https://api.qrserver.com/v1/create-qr-code/?size=150x150&data=RKE-O-174; Koruyucu No: CER-AEND-Ö-18; Durum: Kullanıma Uygun; Kontrol Tarihi:01/30/2025; Gelecek Kontrol Tarihi:01/31/2026,clean,
RKE-O-175,ANZ-SRV-Ö-8,Anesteziyoloji ve Reanimasyon ABD,Algoloji Servis,Palto (Önlük),,2019,M,,,,,,https://api.qrserver.com/v1/create-qr-code/?size=150x150&data=RKE-O-175; Koruyucu No: ANZ-SRV-Ö-8; Durum: ; Kontrol Tarihi:; Gelecek Kontrol Tarihi:NaN/NaN/0NaN,clean,
RKE-O-176,ANZ-SRV-Ö-10,Anesteziyoloji ve Reanimasyon ABD,Algoloji Servis,Palto (Önlük),,2019,L,,,,,,https://api.qrserver.com/v1/create-qr-code/?size=150x150&data=RKE-O-176; Koruyucu No: ANZ-SRV-Ö-9; Durum: ; Kontrol Tarihi:; Gelecek Kontrol Tarihi:NaN/NaN/0NaN,clean,
RKE-O-177,ANZ-SRV-Ö-12,Anesteziyoloji ve Reanimasyon ABD,Algoloji Servis,Palto (Önlük),,2019,M,,,,,,https://api.qrserver.com/v1/create-qr-code/?size=150x150&data=RKE-O-177; Koruyucu No: ANZ-SRV-Ö-13; Durum: Kullanıma Uygun; Kontrol Tarihi:02/07/2025; Gelecek Kontrol Tarihi:02/28/2026,clean,
RKE-O-178,ANZ-SRV-Ö-11,Anesteziyoloji ve Reanimasyon ABD,Algoloji Servis,Palto (Önlük),,2019,M,,,,,,https://api.qrserver.com/v1/create-qr-code/?size=150x150&data=RKE-O-178; Koruyucu No: ANZ-SRV-Ö-11; Durum: ; Kontrol Tarihi:; Gelecek Kontrol Tarihi:NaN/NaN/0NaN,clean,
RKE-O-18,ORT-AML-Ö-31,Ortopedi ve Travmatoloji ABD,Ameliyathane,Palto (Önlük),,2024,S,,,,,,,clean,
RKE-O-180,NRŞ-AML-Ö-4,Beyin ve Sinir Cerrahisi ABD,Ameliyathane,Palto (Önlük),,0,XL,,,,,,https://api.qrserver.com/v1/create-qr-code/?size=150x150&data=RKE-O-180; Koruyucu No: NRŞ-AML-Ö-4; Durum: ; Kontrol Tarihi:; Gelecek Kontrol Tarihi:NaN/NaN/0NaN,clean,
RKE-O-181,NRŞ-AML-Ö-5,Beyin ve Sinir Cerrahisi ABD,Ameliyathane,Palto (Önlük),,0,M,,,,,,https://api.qrserver.com/v1/create-qr-code/?size=150x150&data=RKE-O-180; Koruyucu No: NRŞ-AML-Ö-4; Durum: ; Kontrol Tarihi:; Gelecek Kontrol Tarihi:NaN/NaN/0NaN,clean,
RKE-O-182,NRŞ-AML-Ö-6,Beyin ve Sinir Cerrahisi ABD,Ameliyathane,Palto (Önlük),,0,M,,,,,,https://api.qrserver.com/v1/create-qr-code/?size=150x150&data=RKE-O-180; Koruyucu No: NRŞ-AML-Ö-4; Durum: ; Kontrol Tarihi:; Gelecek Kontrol Tarihi:NaN/NaN/0NaN,clean,
RKE-O-183,NRŞ-AML-Ö-7,Beyin ve Sinir Cerrahisi ABD,Ameliyathane,Palto (Önlük),,0,M,,,,,,https://api.qrserver.com/v1/create-qr-code/?size=150x150&data=RKE-O-180; Koruyucu No: NRŞ-AML-Ö-4; Durum: ; Kontrol Tarihi:; Gelecek Kontrol Tarihi:NaN/NaN/0NaN,clean,
RKE-O-184,NRŞ-AML-Ö-8,Beyin ve Sinir Cerrahisi ABD,Ameliyathane,Palto (Önlük),,0,M,,,,,,https://api.qrserver.com/v1/create-qr-code/?size=150x150&data=RKE-O-180; Koruyucu No: NRŞ-AML-Ö-4; Durum: ; Kontrol Tarihi:; Gelecek Kontrol Tarihi:NaN/NaN/0NaN,clean,
RKE-O-185,NRŞ-AML-Ö-9,Beyin ve Sinir Cerrahisi ABD,Ameliyathane,Palto (Önlük),,0,M,,,,,,https://api.qrserver.com/v1/create-qr-code/?size=150x150&data=RKE-O-180; Koruyucu No: NRŞ-AML-Ö-4; Durum: ; Kontrol Tarihi:; Gelecek Kontrol Tarihi:NaN/NaN/0NaN,clean,
RKE-O-186,NRŞ-AML-Ö-10,Beyin ve Sinir Cerrahisi ABD,Ameliyathane,Palto (Önlük),,0,M,,,,,,https://api.qrserver.com/v1/create-qr-code/?size=150x150&data=RKE-O-180; Koruyucu No: NRŞ-AML-Ö-4; Durum: ; Kontrol Tarihi:; Gelecek Kontrol Tarihi:NaN/NaN/0NaN,clean,
RKE-O-187,NRŞ-AML-Ö-11,Beyin ve Sinir Cerrahisi ABD,Ameliyathane,Palto (Önlük),,0,M,,,,,,https://api.qrserver.com/v1/create-qr-code/?size=150x150&data=RKE-O-180; Koruyucu No: NRŞ-AML-Ö-4; Durum: ; Kontrol Tarihi:; Gelecek Kontrol Tarihi:NaN/NaN/0NaN,clean,
RKE-O-188,NRŞ-AML-Ö-12,Beyin ve Sinir Cerrahisi ABD,Ameliyathane,Palto (Önlük),,0,M,,,,,,https://api.qrserver.com/v1/create-qr-code/?size=150x150&data=RKE-O-180; Koruyucu No: NRŞ-AML-Ö-4; Durum: ; Kontrol Tarihi:; Gelecek Kontrol Tarihi:NaN/NaN/0NaN,clean,
RKE-O-189,NRŞ-AML-Ö-13,Beyin ve Sinir Cerrahisi ABD,Ameliyathane,Palto (Önlük),,0,M,,,,,,https://api.qrserver.com/v1/create-qr-code/?size=150x150&data=RKE-O-180; Koruyucu No: NRŞ-AML-Ö-4; Durum: ; Kontrol Tarihi:; Gelecek Kontrol Tarihi:NaN/NaN/0NaN,clean,
RKE-O-19,,Radyoloji ABD,Radyoloji Depo,Palto (Önlük),,2024,S,,,,,,,clean,
RKE-O-2,,Radyoloji ABD,Radyoloji Depo,Palto (Önlük),,2024,S,,,,,,https://barcode.tec-it.com/barcode.ashx?code=MobileQRCode&data=RKE-O-231; Koruyucu No: ANZ-SRV-Ö-2; Durum: Kullanıma Uygun Değil; Kontrol Tarihi:01/10/2025; Gelecek Kontrol Tarihi:01/31/2026&eclevel=L&dmsize=Default,clean,
RKE-O-20,ORT-AML-Ö-32,Ortopedi ve Travmatoloji ABD,Ameliyathane,Palto (Önlük),,2024,S,,,,,,,clean,
RKE-O-21,ÜRO-END-Ö-17,Üroloji ABD,Endoskopi Ünitesi,Palto (Önlük),,2024,S,,,,,,,clean,
RKE-O-22,,Radyoloji ABD,Radyoloji Depo,Palto (Önlük),,2024,S,,,,,,,clean,
RKE-O-23,MDK-RAD-Ö-3,Mediko Sosyal Başhekimliği,Poliklinik,Palto (Önlük),,2024,S,,,,,,,clean,
RKE-O-24,ANZ-SRV-Ö-3,Anesteziyoloji ve Reanimasyon ABD,Algoloji Servis,Palto (Önlük),,2024,S,,,,,,https://api.qrserver.com/v1/create-qr-code/?size=150x150&data=RKE-O-24; Koruyucu No: ANZ-SRV-Ö-3; Durum: Kullanıma Uygun; Kontrol Tarihi:01/30/2025; Gelecek Kontrol Tarihi:01/31/2026,clean,
RKE-O-25,ANZ-SRV-Ö-4,Anesteziyoloji ve Reanimasyon ABD,Algoloji Servis,Palto (Önlük),,2024,S,,,,,,https://api.qrserver.com/v1/create-qr-code/?size=150x150&data=RKE-O-25; Koruyucu No: ANZ-SRV-Ö-4; Durum: Kullanıma Uygun; Kontrol Tarihi:01/30/2025; Gelecek Kontrol Tarihi:01/31/2026,clean,
RKE-O-26,ORT-AML-Ö-33,Ortopedi ve Travmatoloji ABD,Ameliyathane,Palto (Önlük),,2024,S,,,,,,,clean,
RKE-O-27,ORT-AML-Ö-34,Ortopedi ve Travmatoloji ABD,Ameliyathane,Palto (Önlük),,2024,S,,,,,,,clean,
RKE-O-28,,Radyoloji ABD,Radyoloji Depo,Palto (Önlük),,2024,S,,,,,,,clean,
RKE-O-29,ORT-AML-Ö-35,Ortopedi ve Travmatoloji ABD,Ameliyathane,Palto (Önlük),,2024,S,,,,,,,clean,
RKE-O-3,,Radyoloji ABD,Radyoloji Depo,Palto (Önlük),,2024,S,,,,,,https://barcode.tec-it.com/barcode.ashx?code=MobileQRCode&data=RKE-O-230; Koruyucu No: ANZ-SRV-Ö-3; Durum: Kullanıma Uygun Değil; Kontrol Tarihi:01/10/2025; Gelecek Kontrol Tarihi:01/31/2026&eclevel=L&dmsize=Default,clean,
RKE-O-30,,Radyoloji ABD,Radyoloji Depo,Palto (Önlük),,2024,S,,,,,,,clean,
RKE-O-31,KRD-ANJ-Ö-4,Kardiyoloji ABD,Anjiografi,Palto (Önlük),,2024,S,,,,,,,clean,
RKE-O-32,RAD-ANJ-Ö-5,Radyoloji ABD,Anjiografi,Palto (Önlük),,2024,S,,,,,,https://api.qrserver.com/v1/create-qr-code/?size=150x150&data=RKE-O-32; Koruyucu No: RAD-ANJ-Ö-5; Durum: ; Kontrol Tarihi:; Gelecek Kontrol Tarihi:NaN/NaN/0NaN,clean,
RKE-O-33,,Radyoloji ABD,Radyoloji Depo,Palto (Önlük),,2024,S,,,,,,,clean,
RKE-O-34,KRD-ANJ-Ö-16,Kardiyoloji ABD,Anjiografi,Palto (Önlük),,2024,M,,,,,,https://api.qrserver.com/v1/create-qr-code/?size=150x150&data=RKE-O-34; Koruyucu No: KRD-ANJ-Ö-16; Durum: ; Kontrol Tarihi:; Gelecek Kontrol Tarihi:NaN/NaN/0NaN,clean,
RKE-O-35,ANZ-SRV-Ö-5,Anesteziyoloji ve Reanimasyon ABD,Algoloji Servis,Palto (Önlük),,2024,M,,,,,,https://api.qrserver.com/v1/create-qr-code/?size=150x150&data=RKE-O-35; Koruyucu No: ANZ-SRV-Ö-5; Durum: Kullanıma Uygun; Kontrol Tarihi:01/30/2025; Gelecek Kontrol Tarihi:01/31/2026,clean,
RKE-O-36,,Radyoloji ABD,Radyoloji Depo,Palto (Önlük),,2024,M,,,,,,,clean,
RKE-O-37,CER-AEND-Ö-13,Genel Cerrahi ABD,Acil Endoskopi Ünitesi,Palto (Önlük),,2024,M,,,,,,https://api.qrserver.com/v1/create-qr-code/?size=150x150&data=RKE-O-37; Koruyucu No: CER-AEND-Ö-13; Durum: Kullanıma Uygun; Kontrol Tarihi:01/30/2025; Gelecek Kontrol Tarihi:01/31/2026,clean,
RKE-O-38,,Radyoloji ABD,Radyoloji Depo,Palto (Önlük),,2024,M,,,,,,,clean,
RKE-O-39,ORT-AML-Ö-36,Ortopedi ve Travmatoloji ABD,Ameliyathane,Palto (Önlük),,2024,M,,,,,,,clean,
RKE-O-4,,Radyoloji ABD,Radyoloji Depo,Palto (Önlük),,2024,S,,,,,,https://barcode.tec-it.com/barcode.ashx?code=MobileQRCode&data=RKE-O-231; Koruyucu No: ANZ-SRV-Ö-4; Durum: Kullanıma Uygun Değil; Kontrol Tarihi:01/10/2025; Gelecek Kontrol Tarihi:01/31/2026&eclevel=L&dmsize=Default,clean,
RKE-O-40,,Radyoloji ABD,Radyoloji Depo,Palto (Önlük),,2024,M,,,,,,,clean,
RKE-O-41,CER-AEND-Ö-14,Genel Cerrahi ABD,Acil Endoskopi Ünitesi,Palto (Önlük),,2024,M,,,,,,https://api.qrserver.com/v1/create-qr-code/?size=150x150&data=RKE-O-41; Koruyucu No: CER-AEND-Ö-14; Durum: Kullanıma Uygun; Kontrol Tarihi:01/30/2025; Gelecek Kontrol Tarihi:01/31/2026,clean,
RKE-O-42,RAD-YBÜ-Ö-3,Radyoloji ABD,Yoğun Bakım Ünitesi,Palto (Önlük),,2024,M,,,,,,,clean,
RKE-O-43,ORT-AML-Ö-37,Ortopedi ve Travmatoloji ABD,Ameliyathane,Palto (Önlük),,2024,M,,,,,,https://barcode.tec-it.com/barcode.ashx?code=MobileQRCode&data=RKE-O-213; Koruyucu No: NRŞ-AML-Ö-16; Durum: Muayene Edilmedi; Kontrol Tarihi:01/02/2025; Gelecek Kontrol Tarihi:01/31/2026&eclevel=L&dmsize=Default,clean,
RKE-O-44,ORT-AML-Ö-38,Ortopedi ve Travmatoloji ABD,Ameliyathane,Palto (Önlük),,2024,M,,,,,,https://barcode.tec-it.com/barcode.ashx?code=MobileQRCode&data=RKE-O-214; Koruyucu No: NRŞ-AML-Ö-16; Durum: Muayene Edilmedi; Kontrol Tarihi:01/02/2025; Gelecek Kontrol Tarihi:01/31/2026&eclevel=L&dmsize=Default,clean,
RKE-O-45,KRD-ANJ-Ö-14,Kardiyoloji ABD,Anjiografi,Palto (Önlük),,2024,M,,,,,,https://api.qrserver.com/v1/create-qr-code/?size=150x150&data=RKE-O-45; Koruyucu No: KRD-ANJ-Ö-14; Durum: ; Kontrol Tarihi:; Gelecek Kontrol Tarihi:NaN/NaN/0NaN,clean,
RKE-O-46,ORT-AML-Ö-39,Ortopedi ve Travmatoloji ABD,Ameliyathane,Palto (Önlük),,2024,M,,,,,,,clean,
RKE-O-47,CER-AEND-Ö-15,Genel Cerrahi ABD,Acil Endoskopi Ünitesi,Palto (Önlük),,2024,M,,,,,,https://api.qrserver.com/v1/create-qr-code/?size=150x150&data=RKE-O-47; Koruyucu No: CER-AEND-Ö-15; Durum: Kullanıma Uygun; Kontrol Tarihi:01/30/2025; Gelecek Kontrol Tarihi:01/31/2026,clean,
RKE-O-48,KRD-ANJ-Ö-15,Kardiyoloji ABD,Anjiografi,Palto (Önlük),,2024,M,,,,,,https://api.qrserver.com/v1/create-qr-code/?size=150x150&data=RKE-O-48; Koruyucu No: KRD-ANJ-Ö-15; Durum: ; Kontrol Tarihi:; Gelecek Kontrol Tarihi:NaN/NaN/0NaN,clean,
RKE-O-49,,Radyoloji ABD,Radyoloji Depo,Palto (Önlük),,2024,M,,,,,,,clean,
RKE-O-5,,Radyoloji ABD,Radyoloji Depo,Palto (Önlük),,2024,S,,,,,,https://barcode.tec-it.com/barcode.ashx?code=MobileQRCode&data=RKE-O-231; Koruyucu No: ANZ-SRV-Ö-5; Durum: Kullanıma Uygun Değil; Kontrol Tarihi:01/10/2025; Gelecek Kontrol Tarihi:01/31/2026&eclevel=L&dmsize=Default,clean,
RKE-O-50,KRD-ANJ-Ö-5,Kardiyoloji ABD,Anjiografi,Palto (Önlük),,2024,M,,,,,,,clean,
RKE-O-51,KRD-ANJ-Ö-6,Kardiyoloji ABD,Anjiografi,Palto (Önlük),,2024,M,,,,,,,clean,
RKE-O-52,RAD-ANJ-Ö-5,Radyoloji ABD,Anjiografi,Palto (Önlük),,2024,M,,,,,,https://api.qrserver.com/v1/create-qr-code/?size=150x150&data=RKE-O-52; Koruyucu No: RAD-ANJ-Ö-5; Durum: ; Kontrol Tarihi:; Gelecek Kontrol Tarihi:NaN/NaN/0NaN,clean,
RKE-O-53,KRD-ANJ-Ö-7,Kardiyoloji ABD,Anjiografi,Palto (Önlük),,2024,M,,,,,,,clean,
RKE-O-54,ORT-AML-Ö-40,Ortopedi ve Travmatoloji ABD,Ameliyathane,Palto (Önlük),,2024,M,,,,,,,clean,
RKE-O-55,,Radyoloji ABD,Radyoloji Depo,Palto (Önlük),,2024,M,,,,,,,clean,
RKE-O-56,KRD-ANJ-Ö-8,Kardiyoloji ABD,Anjiografi,Palto (Önlük),,2024,M,,,,,,,clean,
RKE-O-57,NRŞ-AML-Ö-14,Beyin ve Sinir Cerrahisi ABD,Ameliyathane,Palto (Önlük),,2024,M,,,,,,https://api.qrserver.com/v1/create-qr-code/?size=150x150&data=RKE-O-57; Koruyucu No: NRŞ-AML-Ö-14; Durum: Kullanıma Uygun; Kontrol Tarihi:01/30/2025; Gelecek Kontrol Tarihi:01/31/2026,clean,
RKE-O-58,ANZ-SRV-Ö-6,Anesteziyoloji ve Reanimasyon ABD,Algoloji Servis,Palto (Önlük),,2024,M,,,,,,https://api.qrserver.com/v1/create-qr-code/?size=150x150&data=RKE-O-58; Koruyucu No: ANZ-SRV-Ö-6; Durum: Kullanıma Uygun; Kontrol Tarihi:01/30/2025; Gelecek Kontrol Tarihi:01/31/2026,clean,
RKE-O-59,ORT-AML-Ö-41,Ortopedi ve Travmatoloji ABD,Ameliyathane,Palto (Önlük),,2024,M,,,,,,,clean,
RKE-O-6,ORT-AML-Ö-42,Ortopedi ve Travmatoloji ABD,Ameliyathane,Palto (Önlük),,2024,S,,,,,,https://barcode.tec-it.com/barcode.ashx?code=MobileQRCode&data=RKE-O-58; Koruyucu No: ANZ-SRV-Ö-12; Durum: Muayene Edilmedi; Kontrol Tarihi:01/02/2025; Gelecek Kontrol Tarihi:NaN/NaN/0NaN&eclevel=L&dmsize=Default,clean,
RKE-O-60,ORT-AML-Ö-43,Ortopedi ve Travmatoloji ABD,Ameliyathane,Palto (Önlük),,2024,M,,,,,,,clean,
RKE-O-61,CER-END-Ö-8,Genel Cerrahi ABD,Endoskopi Ünitesi,Palto (Önlük),,2024,M,,,,,,https://api.qrserver.com/v1/create-qr-code/?size=150x150&data=RKE-O-61; Koruyucu No: CER-END-Ö-8; Durum: Kullanıma Uygun; Kontrol Tarihi:01/30/2025; Gelecek Kontrol Tarihi:01/31/2026,clean,
RKE-O-62,CER-AEND-Ö-16,Genel Cerrahi ABD,Acil Endoskopi Ünitesi,Palto (Önlük),,2024,M,,,,,,https://api.qrserver.com/v1/create-qr-code/?size=150x150&data=RKE-O-62; Koruyucu No: CER-AEND-Ö-16; Durum: Kullanıma Uygun; Kontrol Tarihi:01/30/2025; Gelecek Kontrol Tarihi:01/31/2026,clean,
RKE-O-63,MDK-RAD-Ö-4,Mediko Sosyal Başhekimliği,Poliklinik,Palto (Önlük),,2024,M,,,,,,,clean,
RKE-O-64,KRD-ANJ-Ö-9,Kardiyoloji ABD,Anjiografi,Palto (Önlük),,2024,M,,,,,,,clean,
RKE-O-65,RAD-YBÜ-Ö-3,Radyoloji ABD,Yoğun Bakım Ünitesi,Palto (Önlük),,2024,M,,,,,,,clean,
RKE-O-66,,Radyoloji ABD,Radyoloji Depo,Palto (Önlük),,2024,M,,,,,,,clean,
RKE-O-67,,Radyoloji ABD,Radyoloji Depo,Palto (Önlük),,2024,M,,,,,,,clean,
RKE-O-68,ORT-AML-Ö-44,Ortopedi ve Travmatoloji ABD,Ameliyathane,Palto (Önlük),,2024,M,,,,,,,clean,
RKE-O-69,ORT-AML-Ö-45,Ortopedi ve Travmatoloji ABD,Ameliyathane,Palto (Önlük),,2024,M,,,,,,,clean,
RKE-O-7,ORT-AML-Ö-46,Ortopedi ve Travmatoloji ABD,Ameliyathane,Palto (Önlük),,2024,S,,,,,,https://barcode.tec-it.com/barcode.ashx?code=MobileQRCode&data=RKE-O-88; Koruyucu No: ANZ-SRV-Ö-12; Durum: ; Kontrol Tarihi:; Gelecek Kontrol Tarihi:NaN/NaN/0NaN&eclevel=L&dmsize=Default,clean,
RKE-O-70,NRŞ-AML-Ö-15,Beyin ve Sinir Cerrahisi ABD,Ameliyathane,Palto (Önlük),,2024,M,,,,,,https://api.qrserver.com/v1/create-qr-code/?size=150x150&data=RKE-O-70; Koruyucu No: NRŞ-AML-Ö-15; Durum: Kullanıma Uygun; Kontrol Tarihi:01/30/2025; Gelecek Kontrol Tarihi:01/31/2026,clean,
RKE-O-71,,Radyoloji ABD,Radyoloji Depo,Palto (Önlük),,2024,M,,,,,,https://barcode.tec-it.com/barcode.ashx?code=MobileQRCode&data=RKE-KG-24; Koruyucu No: NRŞ-AML-KG-2; Durum: Muayene Edilmedi; Kontrol Tarihi:01/02/2025; Gelecek Kontrol Tarihi:01/31/2026&eclevel=L&dmsize=Default,clean,
RKE-O-72,NRŞ-AML-Ö-16,Beyin ve Sinir Cerrahisi ABD,Ameliyathane,Palto (Önlük),,2024,M,,,,,,https://api.qrserver.com/v1/create-qr-code/?size=150x150&data=RKE-O-72; Koruyucu No: NRŞ-AML-Ö-16; Durum: Kullanıma Uygun; Kontrol Tarihi:01/30/2025; Gelecek Kontrol Tarihi:01/31/2026,clean,
RKE-O-73,ORT-AML-Ö-47,Ortopedi ve Travmatoloji ABD,Ameliyathane,Palto (Önlük),,2024,M,,,,,,https://barcode.tec-it.com/barcode.ashx?code=MobileQRCode&data=RKE-O-231; Koruyucu No: CER-AEND-Ö-1; Durum: Kullanıma Uygun Değil; Kontrol Tarihi:01/10/2025; Gelecek Kontrol Tarihi:01/31/2026&eclevel=L&dmsize=Default,clean,
RKE-O-74,CER-AEND-Ö-17,Genel Cerrahi ABD,Acil Endoskopi Ünitesi,Palto (Önlük),,2024,M,,,,,,https://api.qrserver.com/v1/create-qr-code/?size=150x150&data=RKE-O-74; Koruyucu No: CER-AEND-Ö-17; Durum: Kullanıma Uygun; Kontrol Tarihi:01/30/2025; Gelecek Kontrol Tarihi:01/31/2026,clean,
RKE-O-75,CER-END-Ö-9,Genel Cerrahi ABD,Endoskopi Ünitesi,Palto (Önlük),,2024,M,,,,,,https://api.qrserver.com/v1/create-qr-code/?size=150x150&data=RKE-O-75; Koruyucu No: CER-END-Ö-9; Durum: Kullanıma Uygun; Kontrol Tarihi:01/30/2025; Gelecek Kontrol Tarihi:01/31/2026,clean,
RKE-O-76,,Radyoloji ABD,Radyoloji Depo,Palto (Önlük),,2024,M,,,,,,https://barcode.tec-it.com/barcode.ashx?code=MobileQRCode&data=RKE-O-231; Koruyucu No: CER-AEND-Ö-4; Durum: Kullanıma Uygun; Kontrol Tarihi:01/10/2025; Gelecek Kontrol Tarihi:01/31/2026&eclevel=L&dmsize=Default,clean,
RKE-O-77,,Radyoloji ABD,Radyoloji Depo,Palto (Önlük),,2024,M,,,,,,https://barcode.tec-it.com/barcode.ashx?code=MobileQRCode&data=RKE-O-231; Koruyucu No: CER-AEND-Ö-5; Durum: Kullanıma Uygun; Kontrol Tarihi:01/10/2025; Gelecek Kontrol Tarihi:01/31/2026&eclevel=L&dmsize=Default,clean,
RKE-O-78,,Radyoloji ABD,Radyoloji Depo,Palto (Önlük),,2024,M,,,,,,https://barcode.tec-it.com/barcode.ashx?code=MobileQRCode&data=RKE-O-231; Koruyucu No: CER-AEND-Ö-6; Durum: Kullanıma Uygun Değil; Kontrol Tarihi:01/10/2025; Gelecek Kontrol Tarihi:01/31/2026&eclevel=L&dmsize=Default,clean,
RKE-O-79,ORT-AML-Ö-48,Ortopedi ve Travmatoloji ABD,Ameliyathane,Palto (Önlük),,2024,M,,,,,,,clean,
RKE-O-8,,Radyoloji ABD,Radyoloji Depo,Palto (Önlük),,2024,S,,,,,,https://barcode.tec-it.com/barcode.ashx?code=MobileQRCode&data=RKE-O-231; Koruyucu No: CER-END-Ö-11; Durum: Kullanıma Uygun; Kontrol Tarihi:; Gelecek Kontrol Tarihi:01/31/0002&eclevel=L&dmsize=Default,clean,
RKE-O-80,,Radyoloji ABD,Radyoloji Depo,Palto (Önlük),,2024,M,,,,,,https://barcode.tec-it.com/barcode.ashx?code=MobileQRCode&data=RKE-O-231; Koruyucu No: CER-AEND-Ö-8; Durum: Kullanıma Uygun Değil; Kontrol Tarihi:01/10/2025; Gelecek Kontrol Tarihi:01/31/2026&eclevel=L&dmsize=Default,clean,
RKE-O-81,CER-END-Ö-10,Genel Cerrahi ABD,Endoskopi Ünitesi,Palto (Önlük),,2024,M,,,,,,https://api.qrserver.com/v1/create-qr-code/?size=150x150&data=RKE-O-81; Koruyucu No: CER-END-Ö-10; Durum: Kullanıma Uygun; Kontrol Tarihi:01/30/2025; Gelecek Kontrol Tarihi:01/31/2026,clean,
RKE-O-82,KRD-ANJ-Ö-10,Kardiyoloji ABD,Anjiografi,Palto (Önlük),,2024,M,,,,,,,clean,
RKE-O-83,ORT-AML-Ö-49,Ortopedi ve Travmatoloji ABD,Ameliyathane,Palto (Önlük),,2024,L,,,,,,,clean,
RKE-O-84,KRD-ANJ-Ö-11,Kardiyoloji ABD,Anjiografi,Palto (Önlük),,2024,L,,,,,,,clean,
RKE-O-85,MDK-RAD-Ö-5,Mediko Sosyal Başhekimliği,Poliklinik,Palto (Önlük),,2024,L,,,,,,,clean,
RKE-O-86,ORT-AML-Ö-50,Ortopedi ve Travmatoloji ABD,Ameliyathane,Palto (Önlük),,2024,L,,,,,,,clean,
RKE-O-87,KRD-ANJ-Ö-12,Kardiyoloji ABD,Anjiografi,Palto (Önlük),,2024,L,,,,,,,clean,
RKE-O-88,ANZ-SRV-Ö-7,Anesteziyoloji ve Reanimasyon ABD,Algoloji Servis,Palto (Önlük),,2024,L,,,,,,https://api.qrserver.com/v1/create-qr-code/?size=150x150&data=RKE-O-88; Koruyucu No: ANZ-SRV-Ö-7; Durum: Kullanıma Uygun; Kontrol Tarihi:01/30/2025; Gelecek Kontrol Tarihi:01/31/2026,clean,
RKE-O-89,,Radyoloji ABD,Radyoloji Depo,Palto (Önlük),,2024,L,,,,,,,clean,
RKE-O-9,,Radyoloji ABD,Radyoloji Depo,Palto (Önlük),,2024,S,,,,,,,clean,
RKE-O-90,ORT-AML-Ö-51,Ortopedi ve Travmatoloji ABD,Ameliyathane,Palto (Önlük),,2024,L,,,,,,,clean,
RKE-O-91,CER-AEND-Ö-18,Genel Cerrahi ABD,Acil Endoskopi Ünitesi,Palto (Önlük),,2024,L,,,,,,https://api.qrserver.com/v1/create-qr-code/?size=150x150&data=RKE-O-91; Koruyucu No: CER-AEND-Ö-18; Durum: Kullanıma Uygun; Kontrol Tarihi:01/30/2025; Gelecek Kontrol Tarihi:01/31/2026,clean,
RKE-O-92,ORT-AML-Ö-52,Ortopedi ve Travmatoloji ABD,Ameliyathane,Palto (Önlük),,2024,L,,,,,,,clean,
RKE-O-93,ORT-AML-Ö-53,Ortopedi ve Travmatoloji ABD,Ameliyathane,Palto (Önlük),,2024,L,,,,,,,clean,
RKE-O-94,ÜRO-END-Ö-18,Üroloji ABD,Endoskopi Ünitesi,Palto (Önlük),,2024,L,,,,,,,clean,
RKE-O-95,ORT-AML-Ö-54,Ortopedi ve Travmatoloji ABD,Ameliyathane,Palto (Önlük),,2024,L,,,,,,,clean,
RKE-O-96,ÜRO-END-Ö-19,Üroloji ABD,Endoskopi Ünitesi,Palto (Önlük),,2024,L,,,,,,,clean,
RKE-O-97,KRD-ANJ-Ö-13,Kardiyoloji ABD,Anjiografi,Palto (Önlük),,2024,L,,,,,,,clean,
RKE-O-98,CER-END-Ö-11,Genel Cerrahi ABD,Endoskopi Ünitesi,Palto (Önlük),,2024,L,,,,,,https://api.qrserver.com/v1/create-qr-code/?size=150x150&data=RKE-O-98; Koruyucu No: CER-END-Ö-11; Durum: Kullanıma Uygun; Kontrol Tarihi:01/30/2025; Gelecek Kontrol Tarihi:01/31/2026,clean,
RKE-O-99,ORT-AML-Ö-55,Ortopedi ve Travmatoloji ABD,Ameliyathane,Palto (Önlük),,2024,L,,,,,,,clean,
RKE-TK-1,ANZ-SRV-TK-1,Anesteziyoloji ve Reanimasyon ABD,Algoloji Servis,Tiroid Koruyucu,,2024,STN,,,,,,https://api.qrserver.com/v1/create-qr-code/?size=150x150&data=RKE-TK-1; Koruyucu No: ANZ-SRV-TK-1; Durum: Kullanıma Uygun; Kontrol Tarihi:01/30/2025; Gelecek Kontrol Tarihi:01/31/2026,clean,
RKE-TK-10,ÜRO-END-TK-1,Üroloji ABD,Endoskopi Ünitesi,Tiroid Koruyucu,,2024,STN,,,,,,,clean,
RKE-TK-100,ÜRO-END-TK-2,Üroloji ABD,Endoskopi Ünitesi,Tiroid Koruyucu,,2024,STN,,,,,,,clean,
RKE-TK-101,,Radyoloji ABD,Radyoloji Depo,Tiroid Koruyucu,,2024,STN,,,,,,,clean,
RKE-TK-102,ORT-AML-TK-1,Ortopedi ve Travmatoloji ABD,Ameliyathane,Tiroid Koruyucu,,2024,STN,,,,,,,clean,
RKE-TK-103,ORT-AML-TK-2,Ortopedi ve Travmatoloji ABD,Ameliyathane,Tiroid Koruyucu,,2024,STN,,,,,,,clean,
RKE-TK-104,,Radyoloji ABD,Radyoloji Depo,Tiroid Koruyucu,,2024,STN,,,,,,,clean,
RKE-TK-105,RAD-ANJ-TK-1,Radyoloji ABD,Anjiografi,Tiroid Koruyucu,,2024,STN,,,,,,,clean,
RKE-TK-106,ORT-AML-TK-3,Ortopedi ve Travmatoloji ABD,Ameliyathane,Tiroid Koruyucu,,2024,STN,,,,,,,clean,
RKE-TK-107,ANZ-SRV-TK-10,Anesteziyoloji ve Reanimasyon ABD,Algoloji Servis,Tiroid Koruyucu,,2019,STN,,,,,,https://api.qrserver.com/v1/create-qr-code/?size=150x150&data=RKE-TK-107; Koruyucu No: ANZ-SRV-TK-10; Durum: ; Kontrol Tarihi:; Gelecek Kontrol Tarihi:NaN/NaN/0NaN,clean,
RKE-TK-108,ANZ-SRV-TK-11,Anesteziyoloji ve Reanimasyon ABD,Algoloji Servis,Tiroid Koruyucu,,2019,STN,,,,,,https://api.qrserver.com/v1/create-qr-code/?size=150x150&data=RKE-TK-108; Koruyucu No: ANZ-SRV-TK-11; Durum: ; Kontrol Tarihi:; Gelecek Kontrol Tarihi:NaN/NaN/0NaN,clean,
RKE-TK-109,ANZ-SRV-TK-12,Anesteziyoloji ve Reanimasyon ABD,Algoloji Servis,Tiroid Koruyucu,,2019,STN,,,,,,https://api.qrserver.com/v1/create-qr-code/?size=150x150&data=RKE-TK-109; Koruyucu No: ANZ-SRV-TK-12; Durum: ; Kontrol Tarihi:; Gelecek Kontrol Tarihi:NaN/NaN/0NaN,clean,
RKE-TK-11,MDK-RAD-TK-2,Mediko Sosyal Başhekimliği,Poliklinik,Tiroid Koruyucu,,2024,STN,,,,,,,clean,
RKE-TK-110,ANZ-SRV-TK-13,Anesteziyoloji ve Reanimasyon ABD,Algoloji Servis,Tiroid Koruyucu,,2019,STN,,,,,,https://api.qrserver.com/v1/create-qr-code/?size=150x150&data=RKE-TK-110; Koruyucu No: ANZ-SRV-TK-13; Durum: ; Kontrol Tarihi:; Gelecek Kontrol Tarihi:NaN/NaN/0NaN,clean,
RKE-TK-111,ANZ-SRV-TK-14,Anesteziyoloji ve Reanimasyon ABD,Algoloji Servis,Tiroid Koruyucu,,2019,STN,,,,,,https://api.qrserver.com/v1/create-qr-code/?size=150x150&data=RKE-TK-111; Koruyucu No: ANZ-SRV-TK-14; Durum: ; Kontrol Tarihi:; Gelecek Kontrol Tarihi:NaN/NaN/0NaN,clean,
RKE-TK-112,ANZ-SRV-TK-15,Anesteziyoloji ve Reanimasyon ABD,Algoloji Servis,Tiroid Koruyucu,,2024,STN,,,,,,https://api.qrserver.com/v1/create-qr-code/?size=150x150&data=RKE-TK-112; Koruyucu No: ANZ-SRV-TK-15; Durum: ; Kontrol Tarihi:; Gelecek Kontrol Tarihi:NaN/NaN/0NaN,clean,
RKE-TK-113,ANZ-SRV-TK-16,Anesteziyoloji ve Reanimasyon ABD,Algoloji Servis,Tiroid Koruyucu,,2024,STN,,,,,,https://api.qrserver.com/v1/create-qr-code/?size=150x150&data=RKE-TK-113; Koruyucu No: ANZ-SRV-TK-16; Durum: ; Kontrol Tarihi:; Gelecek Kontrol Tarihi:NaN/NaN/0NaN,clean,
RKE-TK-114,ANZ-SRV-TK-17,Anesteziyoloji ve Reanimasyon ABD,Algoloji Servis,Tiroid Koruyucu,,2024,STN,,,,,,https://api.qrserver.com/v1/create-qr-code/?size=150x150&data=RKE-TK-114; Koruyucu No: ANZ-SRV-TK-17; Durum: ; Kontrol Tarihi:; Gelecek Kontrol Tarihi:NaN/NaN/0NaN,clean,
RKE-TK-115,ANZ-SRV-TK-18,Anesteziyoloji ve Reanimasyon ABD,Algoloji Servis,Tiroid Koruyucu,,2024,STN,,,,,,https://api.qrserver.com/v1/create-qr-code/?size=150x150&data=RKE-TK-115; Koruyucu No: ANZ-SRV-TK-18; Durum: ; Kontrol Tarihi:; Gelecek Kontrol Tarihi:NaN/NaN/0NaN,clean,
RKE-TK-116,ANZ-SRV-TK-19,Anesteziyoloji ve Reanimasyon ABD,Algoloji Servis,Tiroid Koruyucu,,2024,STN,,,,,,https://api.qrserver.com/v1/create-qr-code/?size=150x150&data=RKE-TK-116; Koruyucu No: ANZ-SRV-TK-19; Durum: ; Kontrol Tarihi:; Gelecek Kontrol Tarihi:NaN/NaN/0NaN,clean,
RKE-TK-117,NRŞ-AML-TK-1,Beyin ve Sinir Cerrahisi ABD,Ameliyathane,Tiroid Koruyucu,,0,STN,,,,,,https://api.qrserver.com/v1/create-qr-code/?size=150x150&data=RKE-TK-117; Koruyucu No: NRŞ-AML-TK-1; Durum: ; Kontrol Tarihi:; Gelecek Kontrol Tarihi:NaN/NaN/0NaN,clean,
RKE-TK-118,NRŞ-AML-TK-2,Beyin ve Sinir Cerrahisi ABD,Ameliyathane,Tiroid Koruyucu,,0,STN,,,,,,https://api.qrserver.com/v1/create-qr-code/?size=150x150&data=RKE-TK-117; Koruyucu No: NRŞ-AML-TK-1; Durum: ; Kontrol Tarihi:; Gelecek Kontrol Tarihi:NaN/NaN/0NaN,clean,
RKE-TK-119,NRŞ-AML-TK-3,Beyin ve Sinir Cerrahisi ABD,Ameliyathane,Tiroid Koruyucu,,0,STN,,,,,,https://api.qrserver.com/v1/create-qr-code/?size=150x150&data=RKE-TK-117; Koruyucu No: NRŞ-AML-TK-1; Durum: ; Kontrol Tarihi:; Gelecek Kontrol Tarihi:NaN/NaN/0NaN,clean,
RKE-TK-12,ÜRO-END-TK-3,Üroloji ABD,Endoskopi Ünitesi,Tiroid Koruyucu,,2024,STN,,,,,,,clean,
RKE-TK-120,NRŞ-AML-TK-4,Beyin ve Sinir Cerrahisi ABD,Ameliyathane,Tiroid Koruyucu,,0,STN,,,,,,https://api.qrserver.com/v1/create-qr-code/?size=150x150&data=RKE-TK-117; Koruyucu No: NRŞ-AML-TK-1; Durum: ; Kontrol Tarihi:; Gelecek Kontrol Tarihi:NaN/NaN/0NaN,clean,
RKE-TK-121,NRŞ-AML-TK-5,Beyin ve Sinir Cerrahisi ABD,Ameliyathane,Tiroid Koruyucu,,0,STN,,,,,,https://api.qrserver.com/v1/create-qr-code/?size=150x150&data=RKE-TK-117; Koruyucu No: NRŞ-AML-TK-1; Durum: ; Kontrol Tarihi:; Gelecek Kontrol Tarihi:NaN/NaN/0NaN,clean,
RKE-TK-122,NRŞ-AML-TK-6,Beyin ve Sinir Cerrahisi ABD,Ameliyathane,Tiroid Koruyucu,,0,STN,,,,,,https://api.qrserver.com/v1/create-qr-code/?size=150x150&data=RKE-TK-117; Koruyucu No: NRŞ-AML-TK-1; Durum: ; Kontrol Tarihi:; Gelecek Kontrol Tarihi:NaN/NaN/0NaN,clean,
RKE-TK-123,NRŞ-AML-TK-7,Beyin ve Sinir Cerrahisi ABD,Ameliyathane,Tiroid Koruyucu,,0,STN,,,,,,https://api.qrserver.com/v1/create-qr-code/?size=150x150&data=RKE-TK-117; Koruyucu No: NRŞ-AML-TK-1; Durum: ; Kontrol Tarihi:; Gelecek Kontrol Tarihi:NaN/NaN/0NaN,clean,
RKE-TK-124,NRŞ-AML-TK-8,Beyin ve Sinir Cerrahisi ABD,Ameliyathane,Tiroid Koruyucu,,0,STN,,,,,,https://api.qrserver.com/v1/create-qr-code/?size=150x150&data=RKE-TK-117; Koruyucu No: NRŞ-AML-TK-1; Durum: ; Kontrol Tarihi:; Gelecek Kontrol Tarihi:NaN/NaN/0NaN,clean,
RKE-TK-125,NRŞ-AML-TK-9,Beyin ve Sinir Cerrahisi ABD,Ameliyathane,Tiroid Koruyucu,,0,STN,,,,,,https://api.qrserver.com/v1/create-qr-code/?size=150x150&data=RKE-TK-117; Koruyucu No: NRŞ-AML-TK-1; Durum: ; Kontrol Tarihi:; Gelecek Kontrol Tarihi:NaN/NaN/0NaN,clean,
RKE-TK-126,NRŞ-AML-TK-10,Beyin ve Sinir Cerrahisi ABD,Ameliyathane,Tiroid Koruyucu,,0,STN,,,,,,https://api.qrserver.com/v1/create-qr-code/?size=150x150&data=RKE-TK-117; Koruyucu No: NRŞ-AML-TK-1; Durum: ; Kontrol Tarihi:; Gelecek Kontrol Tarihi:NaN/NaN/0NaN,clean,
RKE-TK-127,NRŞ-AML-TK-11,Beyin ve Sinir Cerrahisi ABD,Ameliyathane,Tiroid Koruyucu,,0,STN,,,,,,https://api.qrserver.com/v1/create-qr-code/?size=150x150&data=RKE-TK-117; Koruyucu No: NRŞ-AML-TK-1; Durum: ; Kontrol Tarihi:; Gelecek Kontrol Tarihi:NaN/NaN/0NaN,clean,
RKE-TK-13,ORT-AML-TK-4,Ortopedi ve Travmatoloji ABD,Ameliyathane,Tiroid Koruyucu,,2024,STN,,,,,,,clean,
RKE-TK-14,,Radyoloji ABD,Radyoloji Depo,Tiroid Koruyucu,,2024,STN,,,,,,,clean,
RKE-TK-15,,Radyoloji ABD,Radyoloji Depo,Tiroid Koruyucu,,2024,STN,,,,,,,clean,
RKE-TK-16,,Radyoloji ABD,Radyoloji Depo,Tiroid Koruyucu,,2024,STN,,,,,,,clean,
RKE-TK-17,RAD-ANJ-TK-10,Radyoloji ABD,Anjiografi,Tiroid Koruyucu,,2024,STN,,,,,,,clean,
RKE-TK-18,ORT-AML-TK-5,Ortopedi ve Travmatoloji ABD,Ameliyathane,Tiroid Koruyucu,,2024,STN,,,,,,,clean,
RKE-TK-19,RAD-MAM-TK-6,Radyoloji ABD,Mamografi,Tiroid Koruyucu,,2024,STN,,,,,,,clean,
RKE-TK-2,RAD-MAM-TK-2,Radyoloji ABD,Mamografi,Tiroid Koruyucu,,2024,STN,,,,,,,clean,
RKE-TK-20,ORT-AML-TK-6,Ortopedi ve Travmatoloji ABD,Ameliyathane,Tiroid Koruyucu,,2024,STN,,,,,,,clean,
RKE-TK-21,KRD-ANJ-TK-1,Kardiyoloji ABD,Anjiografi,Tiroid Koruyucu,,2024,STN,,,,,,,clean,
RKE-TK-22,RAD-ANJ-TK-11,Radyoloji ABD,Anjiografi,Tiroid Koruyucu,,2024,STN,,,,,,,clean,
RKE-TK-23,ORT-AML-TK-7,Ortopedi ve Travmatoloji ABD,Ameliyathane,Tiroid Koruyucu,,2024,STN,,,,,,,clean,
RKE-TK-24,ÜRO-END-TK-17,Üroloji ABD,Endoskopi Ünitesi,Tiroid Koruyucu,,2024,STN,,,,,,https://barcode.tec-it.com/barcode.ashx?code=MobileQRCode&data=RKE-TK-86; Koruyucu No: MDK-RAD-TK-3; Durum: Muayene Edilmedi; Kontrol Tarihi:12/28/2024; Gelecek Kontrol Tarihi:12/31/2025&eclevel=L&dmsize=Default,clean,
RKE-TK-25,ANZ-SRV-TK-2,Anesteziyoloji ve Reanimasyon ABD,Algoloji Servis,Tiroid Koruyucu,,2024,STN,,,,,,https://api.qrserver.com/v1/create-qr-code/?size=150x150&data=RKE-TK-25; Koruyucu No: ANZ-SRV-TK-2; Durum: Kullanıma Uygun; Kontrol Tarihi:01/30/2025; Gelecek Kontrol Tarihi:01/31/2026,clean,
RKE-TK-26,KRD-ANJ-TK-2,Kardiyoloji ABD,Anjiografi,Tiroid Koruyucu,,2024,STN,,,,,,,clean,
RKE-TK-27,ÜRO-END-TK-18,Üroloji ABD,Endoskopi Ünitesi,Tiroid Koruyucu,,2024,STN,,,,,,,clean,
RKE-TK-28,,Radyoloji ABD,Radyoloji Depo,Tiroid Koruyucu,,2024,STN,,,,,,,clean,
RKE-TK-29,RAD-ANJ-TK-12,Radyoloji ABD,Anjiografi,Tiroid Koruyucu,,2024,STN,,,,,,,clean,
RKE-TK-3,ANZ-SRV-TK-3,Anesteziyoloji ve Reanimasyon ABD,Algoloji Servis,Tiroid Koruyucu,,2024,STN,,,,,,https://api.qrserver.com/v1/create-qr-code/?size=150x150&data=RKE-TK-3; Koruyucu No: ANZ-SRV-TK-3; Durum: Kullanıma Uygun; Kontrol Tarihi:01/30/2025; Gelecek Kontrol Tarihi:01/31/2026,clean,
RKE-TK-30,ÜRO-END-TK-19,Üroloji ABD,Endoskopi Ünitesi,Tiroid Koruyucu,,2024,STN,,,,,,,clean,
RKE-TK-31,ÜRO-END-TK-20,Üroloji ABD,Endoskopi Ünitesi,Tiroid Koruyucu,,2024,STN,,,,,,,clean,
RKE-TK-32,ÜRO-END-TK-21,Üroloji ABD,Endoskopi Ünitesi,Tiroid Koruyucu,,2024,STN,,,,,,,clean,
RKE-TK-33,,Radyoloji ABD,Radyoloji Depo,Tiroid Koruyucu,,2024,STN,,,,,,,clean,
RKE-TK-34,KRD-ANJ-TK-3,Kardiyoloji ABD,Anjiografi,Tiroid Koruyucu,,2024,STN,,,,,,,clean,
RKE-TK-35,RAD-MAM-TK-3,Radyoloji ABD,Mamografi,Tiroid Koruyucu,,2024,STN,,,,,,,clean,
RKE-TK-36,ANZ-SRV-TK-4,Anesteziyoloji ve Reanimasyon ABD,Algoloji Servis,Tiroid Koruyucu,,2024,STN,,,,,,https://api.qrserver.com/v1/create-qr-code/?size=150x150&data=RKE-TK-36; Koruyucu No: ANZ-SRV-TK-4; Durum: Kullanıma Uygun; Kontrol Tarihi:01/30/2025; Gelecek Kontrol Tarihi:01/31/2026,clean,
RKE-TK-37,KRD-ANJ-TK-4,Kardiyoloji ABD,Anjiografi,Tiroid Koruyucu,,2024,STN,,,,,,,clean,
RKE-TK-38,RAD-ANJ-TK-13,Radyoloji ABD,Anjiografi,Tiroid Koruyucu,,2024,STN,,,,,,,clean,
RKE-TK-39,RAD-ANJ-TK-14,Radyoloji ABD,Anjiografi,Tiroid Koruyucu,,2024,STN,,,,,,,clean,
RKE-TK-4,,Radyoloji ABD,Radyoloji Depo,Tiroid Koruyucu,,2024,STN,,,,,,,clean,
RKE-TK-40,KRD-ANJ-TK-5,Kardiyoloji ABD,Anjiografi,Tiroid Koruyucu,,2024,STN,,,,,,,clean,
RKE-TK-41,CER-END-TK-6,Genel Cerrahi ABD,Endoskopi Ünitesi,Tiroid Koruyucu,,2024,STN,,,,,,https://api.qrserver.com/v1/create-qr-code/?size=150x150&data=RKE-TK-41; Koruyucu No: CER-END-TK-6; Durum: Kullanıma Uygun; Kontrol Tarihi:01/30/2025; Gelecek Kontrol Tarihi:01/31/2026,clean,
RKE-TK-42,ÜRO-END-TK-22,Üroloji ABD,Endoskopi Ünitesi,Tiroid Koruyucu,,2024,STN,,,,,,,clean,
RKE-TK-43,KRD-ANJ-TK-6,Kardiyoloji ABD,Anjiografi,Tiroid Koruyucu,,2024,STN,,,,,,,clean,
RKE-TK-44,RAD-MAM-TK-5,Radyoloji ABD,Mamografi,Tiroid Koruyucu,,2024,STN,,,,,,,clean,
RKE-TK-45,KRD-ANJ-TK-7,Kardiyoloji ABD,Anjiografi,Tiroid Koruyucu,,2024,STN,,,,,,,clean,
RKE-TK-46,KRD-ANJ-TK-8,Kardiyoloji ABD,Anjiografi,Tiroid Koruyucu,,2024,STN,,,,,,https://api.qrserver.com/v1/create-qr-code/?size=150x150&data=RKE-TK-46; Koruyucu No: KRD-ANJ-TK-8; Durum: ; Kontrol Tarihi:; Gelecek Kontrol Tarihi:NaN/NaN/0NaN,clean,
RKE-TK-47,ANZ-SRV-TK-5,Anesteziyoloji ve Reanimasyon ABD,Algoloji Servis,Tiroid Koruyucu,,2024,STN,,,,,,https://api.qrserver.com/v1/create-qr-code/?size=150x150&data=RKE-TK-47; Koruyucu No: ANZ-SRV-TK-5; Durum: Kullanıma Uygun; Kontrol Tarihi:01/30/2025; Gelecek Kontrol Tarihi:01/31/2026,clean,
RKE-TK-48,KRD-ANJ-TK-9,Kardiyoloji ABD,Anjiografi,Tiroid Koruyucu,,2024,STN,,,,,,,clean,
RKE-TK-49,KRD-ANJ-TK-10,Kardiyoloji ABD,Anjiografi,Tiroid Koruyucu,,2024,STN,,,,,,,clean,
RKE-TK-5,ANZ-SRV-TK-6,Anesteziyoloji ve Reanimasyon ABD,Algoloji Servis,Tiroid Koruyucu,,2024,STN,,,,,,https://api.qrserver.com/v1/create-qr-code/?size=150x150&data=RKE-TK-5; Koruyucu No: ANZ-SRV-TK-6; Durum: Kullanıma Uygun; Kontrol Tarihi:01/30/2025; Gelecek Kontrol Tarihi:01/31/2026,clean,
RKE-TK-50,KRD-ANJ-TK-11,Kardiyoloji ABD,Anjiografi,Tiroid Koruyucu,,2024,STN,,,,,,,clean,
RKE-TK-51,ÜRO-END-TK-23,Üroloji ABD,Endoskopi Ünitesi,Tiroid Koruyucu,,2024,STN,,,,,,,clean,
RKE-TK-52,,Radyoloji ABD,Radyoloji Depo,Tiroid Koruyucu,,2024,STN,,,,,,,clean,
RKE-TK-53,RAD-ANJ-TK-15,Radyoloji ABD,Anjiografi,Tiroid Koruyucu,,2024,STN,,,,,,,clean,
RKE-TK-54,CER-END-TK-7,Genel Cerrahi ABD,Endoskopi Ünitesi,Tiroid Koruyucu,,2024,STN,,,,,,https://api.qrserver.com/v1/create-qr-code/?size=150x150&data=RKE-TK-54; Koruyucu No: CER-END-TK-7; Durum: Kullanıma Uygun; Kontrol Tarihi:01/30/2025; Gelecek Kontrol Tarihi:01/31/2026,clean,
RKE-TK-55,KRD-ANJ-TK-12,Kardiyoloji ABD,Anjiografi,Tiroid Koruyucu,,2024,STN,,,,,,,clean,
RKE-TK-56,CER-END-TK-8,Genel Cerrahi ABD,Endoskopi Ünitesi,Tiroid Koruyucu,,2024,STN,,,,,,https://api.qrserver.com/v1/create-qr-code/?size=150x150&data=RKE-TK-56; Koruyucu No: CER-END-TK-8; Durum: Kullanıma Uygun; Kontrol Tarihi:01/30/2025; Gelecek Kontrol Tarihi:01/31/2026,clean,
RKE-TK-57,ANZ-SRV-TK-7,Anesteziyoloji ve Reanimasyon ABD,Algoloji Servis,Tiroid Koruyucu,,2024,STN,,,,,,https://api.qrserver.com/v1/create-qr-code/?size=150x150&data=RKE-TK-57; Koruyucu No: ANZ-SRV-TK-7; Durum: Kullanıma Uygun; Kontrol Tarihi:01/30/2025; Gelecek Kontrol Tarihi:01/31/2026,clean,
RKE-TK-58,KRD-ANJ-TK-13,Kardiyoloji ABD,Anjiografi,Tiroid Koruyucu,,2024,STN,,,,,,,clean,
RKE-TK-59,ORT-AML-TK-8,Ortopedi ve Travmatoloji ABD,Ameliyathane,Tiroid Koruyucu,,2024,STN,,,,,,,clean,
RKE-TK-6,ÜRO-END-TK-24,Üroloji ABD,Endoskopi Ünitesi,Tiroid Koruyucu,,2024,STN,,,,,,,clean,
RKE-TK-60,ÜRO-END-TK-25,Üroloji ABD,Endoskopi Ünitesi,Tiroid Koruyucu,,2024,STN,,,,,,,clean,
RKE-TK-61,ORT-AML-TK-9,Ortopedi ve Travmatoloji ABD,Ameliyathane,Tiroid Koruyucu,,2024,STN,,,,,,,clean,
RKE-TK-62,KRD-ANJ-TK-14,Kardiyoloji ABD,Anjiografi,Tiroid Koruyucu,,2024,STN,,,,,,,clean,
RKE-TK-63,ORT-AML-TK-10,Ortopedi ve Travmatoloji ABD,Ameliyathane,Tiroid Koruyucu,,2024,STN,,,,,,,clean,
RKE-TK-64,ANZ-SRV-TK-8,Anesteziyoloji ve Reanimasyon ABD,Algoloji Servis,Tiroid Koruyucu,,2024,STN,,,,,,https://api.qrserver.com/v1/create-qr-code/?size=150x150&data=RKE-TK-64; Koruyucu No: ANZ-SRV-TK-8; Durum: Kullanıma Uygun; Kontrol Tarihi:01/30/2025; Gelecek Kontrol Tarihi:01/31/2026,clean,
RKE-TK-65,,Radyoloji ABD,Radyoloji Depo,Tiroid Koruyucu,,2024,STN,,,,,,,clean,
RKE-TK-66,ORT-AML-TK-11,Ortopedi ve Travmatoloji ABD,Ameliyathane,Tiroid Koruyucu,,2024,STN,,,,,,,clean,
RKE-TK-67,ORT-AML-TK-12,Ortopedi ve Travmatoloji ABD,Ameliyathane,Tiroid Koruyucu,,2024,STN,,,,,,,clean,
RKE-TK-68,,Radyoloji ABD,Radyoloji Depo,Tiroid Koruyucu,,2024,STN,,,,,,,clean,
RKE-TK-69,ORT-AML-TK-13,Ortopedi ve Travmatoloji ABD,Ameliyathane,Tiroid Koruyucu,,2024,STN,,,,,,,clean,
RKE-TK-7,KRD-ANJ-TK-15,Kardiyoloji ABD,Anjiografi,Tiroid Koruyucu,,2024,STN,,,,,,,clean,
RKE-TK-70,ÜRO-END-TK-26,Üroloji ABD,Endoskopi Ünitesi,Tiroid Koruyucu,,2024,STN,,,,,,,clean,
RKE-TK-71,ORT-AML-TK-14,Ortopedi ve Travmatoloji ABD,Ameliyathane,Tiroid Koruyucu,,2024,STN,,,,,,,clean,
RKE-TK-72,KRD-ANJ-TK-16,Kardiyoloji ABD,Anjiografi,Tiroid Koruyucu,,2024,STN,,,,,,,clean,
RKE-TK-73,RAD-MAM-TK-1,Radyoloji ABD,Mamografi,Tiroid Koruyucu,,2024,STN,,,,,,,clean,
RKE-TK-74,ORT-AML-TK-15,Ortopedi ve Travmatoloji ABD,Ameliyathane,Tiroid Koruyucu,,2024,STN,,,,,,,clean,
RKE-TK-75,ORT-AML-TK-16,Ortopedi ve Travmatoloji ABD,Ameliyathane,Tiroid Koruyucu,,2024,STN,,,,,,,clean,
RKE-TK-76,RAD-ANJ-TK-16,Radyoloji ABD,Anjiografi,Tiroid Koruyucu,,2024,STN,,,,,,,clean,
RKE-TK-77,,Radyoloji ABD,Radyoloji Depo,Tiroid Koruyucu,,2024,STN,,,,,,,clean,
RKE-TK-78,,Radyoloji ABD,Radyoloji Depo,Tiroid Koruyucu,,2024,STN,,,,,,,clean,
RKE-TK-79,RAD-MAM-TK-4,Radyoloji ABD,Mamografi,Tiroid Koruyucu,,2024,STN,,,,,,,clean,
RKE-TK-8,ORT-AML-TK-17,Ortopedi ve Travmatoloji ABD,Ameliyathane,Tiroid Koruyucu,,2024,STN,,,,,,,clean,
RKE-TK-80,,Radyoloji ABD,Radyoloji Depo,Tiroid Koruyucu,,2024,STN,,,,,,,clean,
RKE-TK-81,CER-END-TK-9,Genel Cerrahi ABD,Endoskopi Ünitesi,Tiroid Koruyucu,,2024,STN,,,,,,https://api.qrserver.com/v1/create-qr-code/?size=150x150&data=RKE-TK-81; Koruyucu No: CER-END-TK-9; Durum: Kullanıma Uygun; Kontrol Tarihi:01/30/2025; Gelecek Kontrol Tarihi:01/31/2026,clean,
RKE-TK-82,ORT-AML-TK-18,Ortopedi ve Travmatoloji ABD,Ameliyathane,Tiroid Koruyucu,,2024,STN,,,,,,,clean,
RKE-TK-83,,Radyoloji ABD,Radyoloji Depo,Tiroid Koruyucu,,2024,STN,,,,,,,clean,
RKE-TK-84,KRD-ANJ-TK-17,Kardiyoloji ABD,Anjiografi,Tiroid Koruyucu,,2024,STN,,,,,,,clean,
RKE-TK-85,RAD-ANJ-TK-17,Radyoloji ABD,Anjiografi,Tiroid Koruyucu,,2024,STN,,,,,,,clean,
RKE-TK-86,MDK-RAD-TK-3,Mediko Sosyal Başhekimliği,Poliklinik,Tiroid Koruyucu,,2024,STN,,,,,,,clean,
RKE-TK-87,RAD-ANJ-TK-18,Radyoloji ABD,Anjiografi,Tiroid Koruyucu,,2024,STN,,,,,,,clean,
RKE-TK-88,KRD-ANJ-TK-18,Kardiyoloji ABD,Anjiografi,Tiroid Koruyucu,,2024,STN,,,,,,,clean,
RKE-TK-89,,Radyoloji ABD,Radyoloji Depo,Tiroid Koruyucu,,2024,STN,,,,,,,clean,
RKE-TK-9,ÜRO-END-TK-27,Üroloji ABD,Endoskopi Ünitesi,Tiroid Koruyucu,,2024,STN,,,,,,,clean,
RKE-TK-90,,Radyoloji ABD,Radyoloji Depo,Tiroid Koruyucu,,2024,STN,,,,,,,clean,
RKE-TK-91,RAD-ANJ-TK-19,Radyoloji ABD,Anjiografi,Tiroid Koruyucu,,2024,STN,,,,,,,clean,
RKE-TK-92,ANZ-SRV-TK-9,Anesteziyoloji ve Reanimasyon ABD,Algoloji Servis,Tiroid Koruyucu,,2024,STN,,,,,,https://api.qrserver.com/v1/create-qr-code/?size=150x150&data=RKE-TK-92; Koruyucu No: ANZ-SRV-TK-9; Durum: Kullanıma Uygun; Kontrol Tarihi:01/30/2025; Gelecek Kontrol Tarihi:01/31/2026,clean,
RKE-TK-93,CER-END-TK-10,Genel Cerrahi ABD,Endoskopi Ünitesi,Tiroid Koruyucu,,2024,STN,,,,,,https://api.qrserver.com/v1/create-qr-code/?size=150x150&data=RKE-TK-93; Koruyucu No: CER-END-TK-10; Durum: Kullanıma Uygun; Kontrol Tarihi:01/30/2025; Gelecek Kontrol Tarihi:01/31/2026,clean,
RKE-TK-94,KRD-ANJ-TK-19,Kardiyoloji ABD,Anjiografi,Tiroid Koruyucu,,2024,STN,,,,,,,clean,
RKE-TK-95,,Radyoloji ABD,Radyoloji Depo,Tiroid Koruyucu,,2024,STN,,,,,,,clean,
RKE-TK-96,,Radyoloji ABD,Radyoloji Depo,Tiroid Koruyucu,,2024,STN,,,,,,,clean,
RKE-TK-97,ORT-AML-TK-19,Ortopedi ve Travmatoloji ABD,Ameliyathane,Tiroid Koruyucu,,2024,STN,,,,,,,clean,
RKE-TK-98,RAD-ANJ-TK-20,Radyoloji ABD,Anjiografi,Tiroid Koruyucu,,2024,STN,,,,,,,clean,
RKE-TK-99,KRD-ANJ-TK-20,Kardiyoloji ABD,Anjiografi,Tiroid Koruyucu,,2024,STN,,,,,,,clean,
RKE-YE-1,RAD-ANJ-YE-1,Radyoloji ABD,Anjiografi,Yelek - Etek,,2024,S,,,,,,,clean,
RKE-YE-10,RAD-MAM-YE-5,Radyoloji ABD,Mamografi,Yelek - Etek,,2024,S,,,,,,,clean,
RKE-YE-11,RAD-ANJ-YE-2,Radyoloji ABD,Anjiografi,Yelek - Etek,,2024,S,,,,,,,clean,
RKE-YE-12,RAD-MAM-YE-2,Radyoloji ABD,Mamografi,Yelek - Etek,,2024,S,,,,,,,clean,
RKE-YE-13,RAD-ANJ-YE-3,Radyoloji ABD,Anjiografi,Yelek - Etek,,2024,S,,,,,,,clean,
RKE-YE-14,RAD-MAM-YE-4,Radyoloji ABD,Mamografi,Yelek - Etek,,2024,S,,,,,,,clean,
RKE-YE-15,RAD-ANJ-YE-4,Radyoloji ABD,Anjiografi,Yelek - Etek,,2024,S,,,,,,,clean,
RKE-YE-16,RAD-ANJ-YE-5,Radyoloji ABD,Anjiografi,Yelek - Etek,,2024,S,,,,,,,clean,
RKE-YE-17,RAD-ANJ-YE-6,Radyoloji ABD,Anjiografi,Yelek - Etek,,2024,M,,,,,,,clean,
RKE-YE-18,RAD-ANJ-YE-7,Radyoloji ABD,Anjiografi,Yelek - Etek,,2024,M,,,,,,,clean,
RKE-YE-19,,Radyoloji ABD,Radyoloji Depo,Yelek - Etek,,2024,M,,,,,,,clean,
RKE-YE-2,RAD-ANJ-YE-8,Radyoloji ABD,Anjiografi,Yelek - Etek,,2024,S,,,,,,,clean,
RKE-YE-20,,Radyoloji ABD,Radyoloji Depo,Yelek - Etek,,2024,M,,,,,,,clean,
RKE-YE-21,RAD-MAM-YE-1,Radyoloji ABD,Mamografi,Yelek - Etek,,2024,M,,,,,,,clean,
RKE-YE-22,CER-END-YE-8,Genel Cerrahi ABD,Endoskopi Ünitesi,Yelek - Etek,,2024,M,,,,,,https://api.qrserver.com/v1/create-qr-code/?size=150x150&data=RKE-YE-22; Koruyucu No: CER-END-YE-8; Durum: Kullanıma Uygun; Kontrol Tarihi:01/30/2025; Gelecek Kontrol Tarihi:01/31/2026,clean,
RKE-YE-23,,Radyoloji ABD,Radyoloji Depo,Yelek - Etek,,2024,M,,,,,,,clean,
RKE-YE-24,RAD-MAM-YE-3,Radyoloji ABD,Mamografi,Yelek - Etek,,2024,M,,,,,,,clean,
RKE-YE-25,ANZ-SRV-YE-1,Anesteziyoloji ve Reanimasyon ABD,Algoloji Servis,Yelek - Etek,,2024,M,,,,,,https://api.qrserver.com/v1/create-qr-code/?size=150x150&data=RKE-YE-25; Koruyucu No: ANZ-SRV-YE-1; Durum: Kullanıma Uygun; Kontrol Tarihi:01/30/2025; Gelecek Kontrol Tarihi:01/31/2026,clean,
RKE-YE-26,,Radyoloji ABD,Radyoloji Depo,Yelek - Etek,,2024,M,,,,,,,clean,
RKE-YE-27,,Radyoloji ABD,Radyoloji Depo,Yelek - Etek,,2024,M,,,,,,,clean,
RKE-YE-28,ÜRO-END-YE-1,Üroloji ABD,Endoskopi Ünitesi,Yelek - Etek,,2024,M,,,,,,,clean,
RKE-YE-29,ÜRO-END-YE-2,Üroloji ABD,Endoskopi Ünitesi,Yelek - Etek,,2024,M,,,,,,,clean,
RKE-YE-3,RAD-ANJ-YE-9,Radyoloji ABD,Anjiografi,Yelek - Etek,,2024,S,,,,,,,clean,
RKE-YE-30,,Radyoloji ABD,Radyoloji Depo,Yelek - Etek,,2024,M,,,,,,,clean,
RKE-YE-31,,Radyoloji ABD,Radyoloji Depo,Yelek - Etek,,2024,M,,,,,,,clean,
RKE-YE-32,,Radyoloji ABD,Radyoloji Depo,Yelek - Etek,,2024,M,,,,,,,clean,
RKE-YE-33,,Radyoloji ABD,Radyoloji Depo,Yelek - Etek,,2024,L,,,,,,,clean,
RKE-YE-34,,Radyoloji ABD,Radyoloji Depo,Yelek - Etek,,2024,L,,,,,,,clean,
RKE-YE-35,ÜRO-END-YE-3,Üroloji ABD,Endoskopi Ünitesi,Yelek - Etek,,2024,L,,,,,,,clean,
RKE-YE-36,,Radyoloji ABD,Radyoloji Depo,Yelek - Etek,,2024,L,,,,,,,clean,
RKE-YE-37,RAD-ANJ-YE-10,Radyoloji ABD,Anjiografi,Yelek - Etek,,2024,L,,,,,,,clean,
RKE-YE-38,RAD-ANJ-YE-11,Radyoloji ABD,Anjiografi,Yelek - Etek,,2024,L,,,,,,,clean,
RKE-YE-39,,Radyoloji ABD,Radyoloji Depo,Yelek - Etek,,2024,L,,,,,,,clean,
RKE-YE-4,RAD-ANJ-YE-12,Radyoloji ABD,Anjiografi,Yelek - Etek,,2024,S,,,,,,,clean,
RKE-YE-40,CER-END-YE-5,Genel Cerrahi ABD,Endoskopi Ünitesi,Yelek - Etek,,2024,L,,,,,,https://api.qrserver.com/v1/create-qr-code/?size=150x150&data=RKE-YE-40; Koruyucu No: CER-END-YE-5; Durum: Kullanıma Uygun; Kontrol Tarihi:01/30/2025; Gelecek Kontrol Tarihi:01/31/2026,clean,
RKE-YE-41,CER-END-YE-6,Genel Cerrahi ABD,Endoskopi Ünitesi,Yelek - Etek,,2024,L,,,,,,https://api.qrserver.com/v1/create-qr-code/?size=150x150&data=RKE-YE-41; Koruyucu No: CER-END-YE-6; Durum: Kullanıma Uygun; Kontrol Tarihi:01/30/2025; Gelecek Kontrol Tarihi:01/31/2026,clean,
RKE-YE-42,,Radyoloji ABD,Radyoloji Depo,Yelek - Etek,,2024,L,,,,,,,clean,
RKE-YE-43,,Radyoloji ABD,Radyoloji Depo,Yelek - Etek,,2024,L,,,,,,,clean,
RKE-YE-44,,Radyoloji ABD,Radyoloji Depo,Yelek - Etek,,2024,L,,,,,,,clean,
RKE-YE-45,,Radyoloji ABD,Radyoloji Depo,Yelek - Etek,,2024,L,,,,,,,clean,
RKE-YE-46,CER-END-YE-7,Genel Cerrahi ABD,Endoskopi Ünitesi,Yelek - Etek,,2024,L,,,,,,https://api.qrserver.com/v1/create-qr-code/?size=150x150&data=RKE-YE-46; Koruyucu No: CER-END-YE-7; Durum: Kullanıma Uygun; Kontrol Tarihi:01/30/2025; Gelecek Kontrol Tarihi:01/31/2026,clean,
RKE-YE-47,,Radyoloji ABD,Radyoloji Depo,Yelek - Etek,,2024,XL,,,,,,,clean,
RKE-YE-48,,Radyoloji ABD,Radyoloji Depo,Yelek - Etek,,2024,XL,,,,,,,clean,
RKE-YE-49,,Radyoloji ABD,Radyoloji Depo,Yelek - Etek,,2024,XL,,,,,,,clean,
RKE-YE-5,ANZ-SRV-YE-2,Anesteziyoloji ve Reanimasyon ABD,Algoloji Servis,Yelek - Etek,,2024,S,,,,,,https://api.qrserver.com/v1/create-qr-code/?size=150x150&data=RKE-YE-5; Koruyucu No: ANZ-SRV-YE-2; Durum: Kullanıma Uygun; Kontrol Tarihi:01/30/2025; Gelecek Kontrol Tarihi:01/31/2026,clean,
RKE-YE-50,,Radyoloji ABD,Radyoloji Depo,Yelek - Etek,,2024,XL,,,,,,,clean,
RKE-YE-51,CER-AEND-YE-4,Genel Cerrahi ABD,Acil Endoskopi Ünitesi,Yelek - Etek,,2024,XL,,,,,,https://api.qrserver.com/v1/create-qr-code/?size=150x150&data=RKE-YE-51; Koruyucu No: CER-AEND-YE-4; Durum: Kullanıma Uygun; Kontrol Tarihi:01/30/2025; Gelecek Kontrol Tarihi:01/31/2026,clean,
RKE-YE-52,,Radyoloji ABD,Radyoloji Depo,Yelek - Etek,,2024,XL,,,,,,,clean,
RKE-YE-53,CER-AEND-YE-5,Genel Cerrahi ABD,Acil Endoskopi Ünitesi,Yelek - Etek,,2024,XL,,,,,,https://api.qrserver.com/v1/create-qr-code/?size=150x150&data=RKE-YE-53; Koruyucu No: CER-AEND-YE-5; Durum: Kullanıma Uygun; Kontrol Tarihi:01/30/2025; Gelecek Kontrol Tarihi:01/31/2026,clean,
RKE-YE-54,,Radyoloji ABD,Radyoloji Depo,Yelek - Etek,,2024,XL,,,,,,,clean,
RKE-YE-55,,Radyoloji ABD,Radyoloji Depo,Yelek - Etek,,2024,XL,,,,,,,clean,
RKE-YE-56,,Radyoloji ABD,Radyoloji Depo,Yelek - Etek,,2024,XL,,,,,,,clean,
RKE-YE-57,,Radyoloji ABD,Radyoloji Depo,Yelek - Etek,,2024,XL,,,,,,,clean,
RKE-YE-58,,Radyoloji ABD,Radyoloji Depo,Yelek - Etek,,2024,XL,,,,,,,clean,
RKE-YE-59,,Radyoloji ABD,Radyoloji Depo,Yelek - Etek,,2024,XL,,,,,,,clean,
RKE-YE-6,ÜRO-END-YE-4,Üroloji ABD,Endoskopi Ünitesi,Yelek - Etek,,2024,S,,,,,,,clean,
RKE-YE-60,CER-AEND-YE-4,Genel Cerrahi ABD,Acil Endoskopi Ünitesi,Yelek - Etek,,2019,L,,,,,,https://api.qrserver.com/v1/create-qr-code/?size=150x150&data=RKE-YE-60; Koruyucu No: CER-AEND-YE-4; Durum: Kullanıma Uygun; Kontrol Tarihi:01/30/2025; Gelecek Kontrol Tarihi:01/31/2026,clean,
RKE-YE-61,CER-AEND-YE-5,Genel Cerrahi ABD,Acil Endoskopi Ünitesi,Yelek - Etek,,2019,M,,,,,,https://api.qrserver.com/v1/create-qr-code/?size=150x150&data=RKE-YE-61; Koruyucu No: CER-AEND-YE-5; Durum: Kullanıma Uygun; Kontrol Tarihi:01/30/2025; Gelecek Kontrol Tarihi:01/31/2026,clean,
RKE-YE-62,ANZ-SRV-YE-3,Anesteziyoloji ve Reanimasyon ABD,Algoloji Servis,Yelek - Etek,,2019,M,2026-03-21,Uygun Değil,,,,https://api.qrserver.com/v1/create-qr-code/?size=150x150&data=RKE-YE-62; Koruyucu No: ANZ-SRV-YE-3; Durum: ; Kontrol Tarihi:; Gelecek Kontrol Tarihi:NaN/NaN/0NaN,dirty,
RKE-YE-63,ANZ-SRV-YE-4,Anesteziyoloji ve Reanimasyon ABD,Algoloji Servis,Yelek - Etek,,2019,S,2026-03-21,Uygun Değil,,,,https://api.qrserver.com/v1/create-qr-code/?size=150x150&data=RKE-YE-63; Koruyucu No: ANZ-SRV-YE-4; Durum: ; Kontrol Tarihi:; Gelecek Kontrol Tarihi:NaN/NaN/0NaN,dirty,
RKE-YE-64,ANZ-SRV-YE-5,Anesteziyoloji ve Reanimasyon ABD,Algoloji Servis,Yelek - Etek,,2022,XS,2026-03-21,Uygun Değil,,,,https://api.qrserver.com/v1/create-qr-code/?size=150x150&data=RKE-YE-64; Koruyucu No: ANZ-SRV-YE-5; Durum: ; Kontrol Tarihi:; Gelecek Kontrol Tarihi:NaN/NaN/0NaN,dirty,
RKE-YE-65,ANZ-SRV-YE-6,Anesteziyoloji ve Reanimasyon ABD,Algoloji Servis,Yelek - Etek,,2024,S,2026-03-21,Uygun Değil,,,,https://api.qrserver.com/v1/create-qr-code/?size=150x150&data=RKE-YE-65; Koruyucu No: ANZ-SRV-YE-6; Durum: ; Kontrol Tarihi:; Gelecek Kontrol Tarihi:NaN/NaN/0NaN,dirty,
RKE-YE-66,ANZ-SRV-YE-7,Anesteziyoloji ve Reanimasyon ABD,Algoloji Servis,Yelek - Etek,,2024,M,2026-03-21,Uygun Değil,,,,https://api.qrserver.com/v1/create-qr-code/?size=150x150&data=RKE-YE-66; Koruyucu No: ANZ-SRV-YE-7; Durum: ; Kontrol Tarihi:; Gelecek Kontrol Tarihi:NaN/NaN/0NaN,dirty,
RKE-YE-67,ANZ-SRV-YE-8,Anesteziyoloji ve Reanimasyon ABD,Algoloji Servis,Yelek - Etek,,2024,S,2026-03-21,Uygun Değil,,,,https://api.qrserver.com/v1/create-qr-code/?size=150x150&data=RKE-YE-67; Koruyucu No: ANZ-SRV-YE-8; Durum: ; Kontrol Tarihi:; Gelecek Kontrol Tarihi:NaN/NaN/0NaN,dirty,
RKE-YE-68,ANZ-SRV-YE-9,Anesteziyoloji ve Reanimasyon ABD,Algoloji Servis,Yelek - Etek,,2024,M,2026-03-21,Uygun Değil,,,,https://api.qrserver.com/v1/create-qr-code/?size=150x150&data=RKE-YE-68; Koruyucu No: ANZ-SRV-YE-9; Durum: ; Kontrol Tarihi:; Gelecek Kontrol Tarihi:NaN/NaN/0NaN,dirty,
RKE-YE-69,NRŞ-AML-YE-1,Beyin ve Sinir Cerrahisi ABD,Ameliyathane,Yelek - Etek,,0,M,,,,,,https://api.qrserver.com/v1/create-qr-code/?size=150x150&data=RKE-YE-69; Koruyucu No: NRŞ-AML-YE-1; Durum: ; Kontrol Tarihi:; Gelecek Kontrol Tarihi:NaN/NaN/0NaN,clean,
RKE-YE-7,CER-AEND-YE,Genel Cerrahi ABD,Acil Endoskopi Ünitesi,Yelek - Etek,,2024,S,,,,,,https://api.qrserver.com/v1/create-qr-code/?size=150x150&data=RKE-YE-7; Koruyucu No: CER-AEND-YE; Durum: Kullanıma Uygun; Kontrol Tarihi:01/30/2025; Gelecek Kontrol Tarihi:01/31/2026,clean,
RKE-YE-8,RAD-ANJ-YE-19,Radyoloji ABD,Anjiografi,Yelek - Etek,,2024,S,,,,,,https://barcode.tec-it.com/barcode.ashx?code=MobileQRCode&data=RKE-GK-13; Koruyucu No: KRD-ANJ-GK-13; Durum: Kullanıma Uygun; Kontrol Tarihi:01/30/2025; Gelecek Kontrol Tarihi:01/31/2026&eclevel=L&dmsize=Default,clean,
RKE-YE-9,,Radyoloji ABD,Radyoloji Depo,Yelek - Etek,,2024,S,,,,,,https://barcode.tec-it.com/barcode.ashx?code=MobileQRCode&data=RKE-GK-14; Koruyucu No: KRD-ANJ-GK-13; Durum: ; Kontrol Tarihi:; Gelecek Kontrol Tarihi:NaN/NaN/0NaN&eclevel=L&dmsize=Default,clean,
RKE-KG-26,RAD-ANJ-KG-1,Radyoloji ABD,Anjiografi,Kurşun Gözlük,,2025,L,,,,,,https://api.qrserver.com/v1/create-qr-code/?size=150x150&data=RKE-KG-26; Koruyucu No: RAD-ANJ-KG-1; Durum: ; Kontrol Tarihi:; Gelecek Kontrol Tarihi:NaN/NaN/0NaN,clean,
RKE-GK-9,,Cerrahi Tıp Bilimleri,Koroner Anjiografi,Gonad Koruyucu,,2024,STN,2026-02-13,Kullanıma Uygun Değil,,,,,clean,
RKE-PAL-AUTO,BEY-AME-PAL-AUTO,Beyin ve Sinir Cerrahisi ABD,Ameliyathane,Palto (Önlük),0.25 mmPb,2026,,2026-02-04,Kullanıma Uygun,,,,,clean,
RKE-KP-1,FTR-ANJ-KP-1,Fiziksel Tıp ve Rehabilitasyon ABD,Anjiografi,Kurşun Paravan,0.25 mmPb,2026,,,—,—,,,,clean,
